Project,Package,Class,Smell,Description,File
zxing,com.google.zxing.client.j2se,MatrixToImageWriter,Hard-wired Dependency,The tool detected the smell in this class because the class creates objects of concrete classes and uses them. Following concrete classes are instantiated and used: com.google.zxing.common.BitArray; com.google.zxing.client.j2se.MatrixToImageConfig,/data/henrique/detecting_smells_study/project/data/repositories/zxing/javase/src/main/java/com/google/zxing/client/j2se/MatrixToImageWriter.java
zxing,com.google.zxing.client.j2se,DecodeWorker,Hard-wired Dependency,The tool detected the smell in this class because the class creates objects of concrete classes and uses them. Following concrete classes are instantiated and used: com.google.zxing.multi.MultipleBarcodeReader; com.google.zxing.MultiFormatReader; com.google.zxing.common.BitArray; com.google.zxing.BinaryBitmap,/data/henrique/detecting_smells_study/project/data/repositories/zxing/javase/src/main/java/com/google/zxing/client/j2se/DecodeWorker.java
zxing,com.google.zxing.client.j2se,DecodeWorker,Excessive Dependency,The tool detected the smell in this class because the class depends on too many dependencies. The total number of dependencies is: 14,/data/henrique/detecting_smells_study/project/data/repositories/zxing/javase/src/main/java/com/google/zxing/client/j2se/DecodeWorker.java
zxing,com.google.zxing.client.j2se,GUIRunner,Hard-wired Dependency,The tool detected the smell in this class because the class creates objects of concrete classes and uses them. Following concrete classes are instantiated and used: com.google.zxing.MultiFormatReader; com.google.zxing.Result,/data/henrique/detecting_smells_study/project/data/repositories/zxing/javase/src/main/java/com/google/zxing/client/j2se/GUIRunner.java
zxing,com.google.zxing.client.j2se,CommandLineEncoder,Hard-wired Dependency,The tool detected the smell in this class because the class creates objects of concrete classes and uses them. Following concrete classes are instantiated and used: com.google.zxing.MultiFormatWriter,/data/henrique/detecting_smells_study/project/data/repositories/zxing/javase/src/main/java/com/google/zxing/client/j2se/CommandLineEncoder.java
zxing,com.google.zxing.client.j2se,CommandLineRunner,Hard-wired Dependency,The tool detected the smell in this class because the class creates objects of concrete classes and uses them. Following concrete classes are instantiated and used: com.google.zxing.client.j2se.DecodeWorker,/data/henrique/detecting_smells_study/project/data/repositories/zxing/javase/src/main/java/com/google/zxing/client/j2se/CommandLineRunner.java
zxing,com.google.zxing.client.android,Contents.Type,Global State,The tool detected the smell in this class because the class can be accessed as a `global` state.,/data/henrique/detecting_smells_study/project/data/repositories/zxing/android/src/com/google/zxing/client/android/Contents.java
zxing,com.google.zxing.client.android,CaptureActivity,Excessive Dependency,The tool detected the smell in this class because the class depends on too many dependencies. The total number of dependencies is: 22,/data/henrique/detecting_smells_study/project/data/repositories/zxing/android/src/com/google/zxing/client/android/CaptureActivity.java
zxing,com.google.zxing.client.android,Intents.Scan,Global State,The tool detected the smell in this class because the class can be accessed as a `global` state.,/data/henrique/detecting_smells_study/project/data/repositories/zxing/android/src/com/google/zxing/client/android/Intents.java
zxing,com.google.zxing.client.android,Intents.History,Global State,The tool detected the smell in this class because the class can be accessed as a `global` state.,/data/henrique/detecting_smells_study/project/data/repositories/zxing/android/src/com/google/zxing/client/android/Intents.java
zxing,com.google.zxing.client.android,Intents.Encode,Global State,The tool detected the smell in this class because the class can be accessed as a `global` state.,/data/henrique/detecting_smells_study/project/data/repositories/zxing/android/src/com/google/zxing/client/android/Intents.java
zxing,com.google.zxing.client.android,Intents.SearchBookContents,Global State,The tool detected the smell in this class because the class can be accessed as a `global` state.,/data/henrique/detecting_smells_study/project/data/repositories/zxing/android/src/com/google/zxing/client/android/Intents.java
zxing,com.google.zxing.client.android,Intents.WifiConnect,Global State,The tool detected the smell in this class because the class can be accessed as a `global` state.,/data/henrique/detecting_smells_study/project/data/repositories/zxing/android/src/com/google/zxing/client/android/Intents.java
zxing,com.google.zxing.client.android,Intents.Share,Global State,The tool detected the smell in this class because the class can be accessed as a `global` state.,/data/henrique/detecting_smells_study/project/data/repositories/zxing/android/src/com/google/zxing/client/android/Intents.java
zxing,com.google.zxing.client.android,DecodeHandler,Hard-wired Dependency,The tool detected the smell in this class because the class creates objects of concrete classes and uses them. Following concrete classes are instantiated and used: com.google.zxing.MultiFormatReader,/data/henrique/detecting_smells_study/project/data/repositories/zxing/android/src/com/google/zxing/client/android/DecodeHandler.java
zxing,com.google.zxing.client.android.history,HistoryManager,Hard-wired Dependency,The tool detected the smell in this class because the class creates objects of concrete classes and uses them. Following concrete classes are instantiated and used: com.google.zxing.Result,/data/henrique/detecting_smells_study/project/data/repositories/zxing/android/src/com/google/zxing/client/android/history/HistoryManager.java
zxing,com.google.zxing.client.android.result,ResultHandler,Excessive Dependency,The tool detected the smell in this class because the class depends on too many dependencies. The total number of dependencies is: 8,/data/henrique/detecting_smells_study/project/data/repositories/zxing/android/src/com/google/zxing/client/android/result/ResultHandler.java
zxing,com.google.zxing.client.android.encode,QRCodeEncoder,Hard-wired Dependency,The tool detected the smell in this class because the class creates objects of concrete classes and uses them. Following concrete classes are instantiated and used: com.google.zxing.MultiFormatWriter; com.google.zxing.common.BitMatrix,/data/henrique/detecting_smells_study/project/data/repositories/zxing/android/src/com/google/zxing/client/android/encode/QRCodeEncoder.java
zxing,com.google.zxing.client.android.encode,QRCodeEncoder,Excessive Dependency,The tool detected the smell in this class because the class depends on too many dependencies. The total number of dependencies is: 12,/data/henrique/detecting_smells_study/project/data/repositories/zxing/android/src/com/google/zxing/client/android/encode/QRCodeEncoder.java
zxing,com.google.zxing.web,DoSFilter,Hard-wired Dependency,The tool detected the smell in this class because the class creates objects of concrete classes and uses them. Following concrete classes are instantiated and used: com.google.zxing.web.DoSTracker,/data/henrique/detecting_smells_study/project/data/repositories/zxing/zxingorg/src/main/java/com/google/zxing/web/DoSFilter.java
zxing,com.google.zxing.web,ChartServlet,Hard-wired Dependency,The tool detected the smell in this class because the class creates objects of concrete classes and uses them. Following concrete classes are instantiated and used: com.google.zxing.qrcode.QRCodeWriter,/data/henrique/detecting_smells_study/project/data/repositories/zxing/zxingorg/src/main/java/com/google/zxing/web/ChartServlet.java
zxing,com.google.zxing.web,DecodeServlet,Hard-wired Dependency,The tool detected the smell in this class because the class creates objects of concrete classes and uses them. Following concrete classes are instantiated and used: com.google.zxing.multi.MultipleBarcodeReader; com.google.zxing.Reader; com.google.zxing.web.DoSTracker,/data/henrique/detecting_smells_study/project/data/repositories/zxing/zxingorg/src/main/java/com/google/zxing/web/DecodeServlet.java
zxing,com.google.zxing.web,DecodeServlet,Excessive Dependency,The tool detected the smell in this class because the class depends on too many dependencies. The total number of dependencies is: 13,/data/henrique/detecting_smells_study/project/data/repositories/zxing/zxingorg/src/main/java/com/google/zxing/web/DecodeServlet.java
zxing,com.google.zxing,BinaryBitmap,Law of Demeter violation,The tool detected the smell in this method (isCropSupported) because the method voilates the law of Demeter. The long chain of method invocations is : com.google.zxing.LuminanceSource.isCropSupported; com.google.zxing.Binarizer.getLuminanceSource,/data/henrique/detecting_smells_study/project/data/repositories/zxing/core/src/main/java/com/google/zxing/BinaryBitmap.java
zxing,com.google.zxing,BinaryBitmap,Law of Demeter violation,The tool detected the smell in this method (crop) because the method voilates the law of Demeter. The long chain of method invocations is : com.google.zxing.LuminanceSource.crop; com.google.zxing.Binarizer.getLuminanceSource,/data/henrique/detecting_smells_study/project/data/repositories/zxing/core/src/main/java/com/google/zxing/BinaryBitmap.java
zxing,com.google.zxing,BinaryBitmap,Law of Demeter violation,The tool detected the smell in this method (isRotateSupported) because the method voilates the law of Demeter. The long chain of method invocations is : com.google.zxing.Binarizer.getLuminanceSource; com.google.zxing.LuminanceSource.isRotateSupported,/data/henrique/detecting_smells_study/project/data/repositories/zxing/core/src/main/java/com/google/zxing/BinaryBitmap.java
zxing,com.google.zxing,BinaryBitmap,Law of Demeter violation,The tool detected the smell in this method (rotateCounterClockwise) because the method voilates the law of Demeter. The long chain of method invocations is : com.google.zxing.LuminanceSource.rotateCounterClockwise; com.google.zxing.Binarizer.getLuminanceSource,/data/henrique/detecting_smells_study/project/data/repositories/zxing/core/src/main/java/com/google/zxing/BinaryBitmap.java
zxing,com.google.zxing,BinaryBitmap,Law of Demeter violation,The tool detected the smell in this method (rotateCounterClockwise45) because the method voilates the law of Demeter. The long chain of method invocations is : com.google.zxing.LuminanceSource.rotateCounterClockwise45; com.google.zxing.Binarizer.getLuminanceSource,/data/henrique/detecting_smells_study/project/data/repositories/zxing/core/src/main/java/com/google/zxing/BinaryBitmap.java
zxing,com.google.zxing,BinaryBitmap,Law of Demeter violation,The tool detected the smell in this method (toString) because the method voilates the law of Demeter. The long chain of method invocations is : com.google.zxing.BinaryBitmap.getBlackMatrix; com.google.zxing.common.BitMatrix.toString,/data/henrique/detecting_smells_study/project/data/repositories/zxing/core/src/main/java/com/google/zxing/BinaryBitmap.java
zxing,com.google.zxing,MultiFormatReader,Law of Demeter violation,The tool detected the smell in this method (decodeInternal) because the method voilates the law of Demeter. The long chain of method invocations is : com.google.zxing.common.BitMatrix.flip; com.google.zxing.BinaryBitmap.getBlackMatrix,/data/henrique/detecting_smells_study/project/data/repositories/zxing/core/src/main/java/com/google/zxing/MultiFormatReader.java
zxing,com.google.zxing,MultiFormatWriter,Hard-wired Dependency,The tool detected the smell in this class because the class creates objects of concrete classes and uses them. Following concrete classes are instantiated and used: com.google.zxing.Writer,/data/henrique/detecting_smells_study/project/data/repositories/zxing/core/src/main/java/com/google/zxing/MultiFormatWriter.java
zxing,com.google.zxing,MultiFormatWriter,Excessive Dependency,The tool detected the smell in this class because the class depends on too many dependencies. The total number of dependencies is: 17,/data/henrique/detecting_smells_study/project/data/repositories/zxing/core/src/main/java/com/google/zxing/MultiFormatWriter.java
zxing,com.google.zxing.maxicode,MaxiCodeReader,Hard-wired Dependency,The tool detected the smell in this class because the class creates objects of concrete classes and uses them. Following concrete classes are instantiated and used: com.google.zxing.maxicode.decoder.Decoder; com.google.zxing.Result; com.google.zxing.common.BitMatrix,/data/henrique/detecting_smells_study/project/data/repositories/zxing/core/src/main/java/com/google/zxing/maxicode/MaxiCodeReader.java
zxing,com.google.zxing.maxicode,MaxiCodeReader,Excessive Dependency,The tool detected the smell in this class because the class depends on too many dependencies. The total number of dependencies is: 10,/data/henrique/detecting_smells_study/project/data/repositories/zxing/core/src/main/java/com/google/zxing/maxicode/MaxiCodeReader.java
zxing,com.google.zxing.maxicode.decoder,Decoder,Hard-wired Dependency,The tool detected the smell in this class because the class creates objects of concrete classes and uses them. Following concrete classes are instantiated and used: com.google.zxing.common.reedsolomon.ReedSolomonDecoder; com.google.zxing.maxicode.decoder.BitMatrixParser,/data/henrique/detecting_smells_study/project/data/repositories/zxing/core/src/main/java/com/google/zxing/maxicode/decoder/Decoder.java
zxing,com.google.zxing.maxicode.decoder,Decoder,Excessive Dependency,The tool detected the smell in this class because the class depends on too many dependencies. The total number of dependencies is: 8,/data/henrique/detecting_smells_study/project/data/repositories/zxing/core/src/main/java/com/google/zxing/maxicode/decoder/Decoder.java
zxing,com.google.zxing.common,ECIEncoderSet,Law of Demeter violation,The tool detected the smell in this method (getECIValue) because the method voilates the law of Demeter. The long chain of method invocations is : com.google.zxing.common.CharacterSetECI.getCharacterSetECI; com.google.zxing.common.CharacterSetECI.getValue,/data/henrique/detecting_smells_study/project/data/repositories/zxing/core/src/main/java/com/google/zxing/common/ECIEncoderSet.java
zxing,com.google.zxing.common,HybridBinarizer,Hard-wired Dependency,The tool detected the smell in this class because the class creates objects of concrete classes and uses them. Following concrete classes are instantiated and used: com.google.zxing.common.BitMatrix,/data/henrique/detecting_smells_study/project/data/repositories/zxing/core/src/main/java/com/google/zxing/common/HybridBinarizer.java
zxing,com.google.zxing.common,MinimalECIInput,Hard-wired Dependency,The tool detected the smell in this class because the class creates objects of concrete classes and uses them. Following concrete classes are instantiated and used: com.google.zxing.common.ECIEncoderSet,/data/henrique/detecting_smells_study/project/data/repositories/zxing/core/src/main/java/com/google/zxing/common/MinimalECIInput.java
zxing,com.google.zxing.common,BitMatrix,Hard-wired Dependency,The tool detected the smell in this class because the class creates objects of concrete classes and uses them. Following concrete classes are instantiated and used: com.google.zxing.common.BitArray,/data/henrique/detecting_smells_study/project/data/repositories/zxing/core/src/main/java/com/google/zxing/common/BitMatrix.java
zxing,com.google.zxing.common,BitMatrix,Law of Demeter violation,The tool detected the smell in this method (xor) because the method voilates the law of Demeter. The long chain of method invocations is : com.google.zxing.common.BitMatrix.getRow; com.google.zxing.common.BitArray.getBitArray,/data/henrique/detecting_smells_study/project/data/repositories/zxing/core/src/main/java/com/google/zxing/common/BitMatrix.java
zxing,com.google.zxing.common,DefaultGridSampler,Hard-wired Dependency,The tool detected the smell in this class because the class creates objects of concrete classes and uses them. Following concrete classes are instantiated and used: com.google.zxing.common.BitMatrix,/data/henrique/detecting_smells_study/project/data/repositories/zxing/core/src/main/java/com/google/zxing/common/DefaultGridSampler.java
zxing,com.google.zxing.common,GlobalHistogramBinarizer,Hard-wired Dependency,The tool detected the smell in this class because the class creates objects of concrete classes and uses them. Following concrete classes are instantiated and used: com.google.zxing.common.BitArray; com.google.zxing.common.BitMatrix,/data/henrique/detecting_smells_study/project/data/repositories/zxing/core/src/main/java/com/google/zxing/common/GlobalHistogramBinarizer.java
zxing,com.google.zxing.common,PerspectiveTransform,Law of Demeter violation,The tool detected the smell in this method (quadrilateralToSquare) because the method voilates the law of Demeter. The long chain of method invocations is : com.google.zxing.common.PerspectiveTransform.squareToQuadrilateral; com.google.zxing.common.PerspectiveTransform.buildAdjoint,/data/henrique/detecting_smells_study/project/data/repositories/zxing/core/src/main/java/com/google/zxing/common/PerspectiveTransform.java
zxing,com.google.zxing.common.reedsolomon,ReedSolomonEncoder,Hard-wired Dependency,The tool detected the smell in this class because the class creates objects of concrete classes and uses them. Following concrete classes are instantiated and used: com.google.zxing.common.reedsolomon.GenericGFPoly,/data/henrique/detecting_smells_study/project/data/repositories/zxing/core/src/main/java/com/google/zxing/common/reedsolomon/ReedSolomonEncoder.java
zxing,com.google.zxing.common.reedsolomon,ReedSolomonDecoder,Hard-wired Dependency,The tool detected the smell in this class because the class creates objects of concrete classes and uses them. Following concrete classes are instantiated and used: com.google.zxing.common.reedsolomon.GenericGFPoly,/data/henrique/detecting_smells_study/project/data/repositories/zxing/core/src/main/java/com/google/zxing/common/reedsolomon/ReedSolomonDecoder.java
zxing,com.google.zxing.common.reedsolomon,ReedSolomonDecoder,Law of Demeter violation,The tool detected the smell in this method (runEuclideanAlgorithm) because the method voilates the law of Demeter. The long chain of method invocations is : com.google.zxing.common.reedsolomon.GenericGFPoly.multiply; com.google.zxing.common.reedsolomon.GenericGFPoly.addOrSubtract,/data/henrique/detecting_smells_study/project/data/repositories/zxing/core/src/main/java/com/google/zxing/common/reedsolomon/ReedSolomonDecoder.java
zxing,com.google.zxing.oned,MultiFormatUPCEANReader,Hard-wired Dependency,The tool detected the smell in this class because the class creates objects of concrete classes and uses them. Following concrete classes are instantiated and used: com.google.zxing.Result,/data/henrique/detecting_smells_study/project/data/repositories/zxing/core/src/main/java/com/google/zxing/oned/MultiFormatUPCEANReader.java
zxing,com.google.zxing.oned,Code39Reader,Hard-wired Dependency,The tool detected the smell in this class because the class creates objects of concrete classes and uses them. Following concrete classes are instantiated and used: com.google.zxing.Result,/data/henrique/detecting_smells_study/project/data/repositories/zxing/core/src/main/java/com/google/zxing/oned/Code39Reader.java
zxing,com.google.zxing.oned,Code39Reader,Excessive Dependency,The tool detected the smell in this class because the class depends on too many dependencies. The total number of dependencies is: 8,/data/henrique/detecting_smells_study/project/data/repositories/zxing/core/src/main/java/com/google/zxing/oned/Code39Reader.java
zxing,com.google.zxing.oned,UPCEANExtension2Support,Hard-wired Dependency,The tool detected the smell in this class because the class creates objects of concrete classes and uses them. Following concrete classes are instantiated and used: com.google.zxing.Result,/data/henrique/detecting_smells_study/project/data/repositories/zxing/core/src/main/java/com/google/zxing/oned/UPCEANExtension2Support.java
zxing,com.google.zxing.oned,Code93Reader,Hard-wired Dependency,The tool detected the smell in this class because the class creates objects of concrete classes and uses them. Following concrete classes are instantiated and used: com.google.zxing.Result,/data/henrique/detecting_smells_study/project/data/repositories/zxing/core/src/main/java/com/google/zxing/oned/Code93Reader.java
zxing,com.google.zxing.oned,Code93Reader,Excessive Dependency,The tool detected the smell in this class because the class depends on too many dependencies. The total number of dependencies is: 8,/data/henrique/detecting_smells_study/project/data/repositories/zxing/core/src/main/java/com/google/zxing/oned/Code93Reader.java
zxing,com.google.zxing.oned,CodaBarReader,Hard-wired Dependency,The tool detected the smell in this class because the class creates objects of concrete classes and uses them. Following concrete classes are instantiated and used: com.google.zxing.Result,/data/henrique/detecting_smells_study/project/data/repositories/zxing/core/src/main/java/com/google/zxing/oned/CodaBarReader.java
zxing,com.google.zxing.oned,UPCAReader,Hard-wired Dependency,The tool detected the smell in this class because the class creates objects of concrete classes and uses them. Following concrete classes are instantiated and used: com.google.zxing.oned.UPCEANReader; com.google.zxing.Result,/data/henrique/detecting_smells_study/project/data/repositories/zxing/core/src/main/java/com/google/zxing/oned/UPCAReader.java
zxing,com.google.zxing.oned,UPCAReader,Excessive Dependency,The tool detected the smell in this class because the class depends on too many dependencies. The total number of dependencies is: 8,/data/henrique/detecting_smells_study/project/data/repositories/zxing/core/src/main/java/com/google/zxing/oned/UPCAReader.java
zxing,com.google.zxing.oned,ITFReader,Hard-wired Dependency,The tool detected the smell in this class because the class creates objects of concrete classes and uses them. Following concrete classes are instantiated and used: com.google.zxing.Result,/data/henrique/detecting_smells_study/project/data/repositories/zxing/core/src/main/java/com/google/zxing/oned/ITFReader.java
zxing,com.google.zxing.oned,ITFReader,Excessive Dependency,The tool detected the smell in this class because the class depends on too many dependencies. The total number of dependencies is: 8,/data/henrique/detecting_smells_study/project/data/repositories/zxing/core/src/main/java/com/google/zxing/oned/ITFReader.java
zxing,com.google.zxing.oned,UPCEANExtensionSupport,Hard-wired Dependency,The tool detected the smell in this class because the class creates objects of concrete classes and uses them. Following concrete classes are instantiated and used: com.google.zxing.oned.UPCEANExtension2Support; com.google.zxing.oned.UPCEANExtension5Support,/data/henrique/detecting_smells_study/project/data/repositories/zxing/core/src/main/java/com/google/zxing/oned/UPCEANExtensionSupport.java
zxing,com.google.zxing.oned,OneDReader,Hard-wired Dependency,The tool detected the smell in this class because the class creates objects of concrete classes and uses them. Following concrete classes are instantiated and used: com.google.zxing.ResultPoint; com.google.zxing.common.BitArray,/data/henrique/detecting_smells_study/project/data/repositories/zxing/core/src/main/java/com/google/zxing/oned/OneDReader.java
zxing,com.google.zxing.oned,OneDReader,Excessive Dependency,The tool detected the smell in this class because the class depends on too many dependencies. The total number of dependencies is: 9,/data/henrique/detecting_smells_study/project/data/repositories/zxing/core/src/main/java/com/google/zxing/oned/OneDReader.java
zxing,com.google.zxing.oned,OneDimensionalCodeWriter,Hard-wired Dependency,The tool detected the smell in this class because the class creates objects of concrete classes and uses them. Following concrete classes are instantiated and used: com.google.zxing.common.BitMatrix,/data/henrique/detecting_smells_study/project/data/repositories/zxing/core/src/main/java/com/google/zxing/oned/OneDimensionalCodeWriter.java
zxing,com.google.zxing.oned,UPCEANExtension5Support,Hard-wired Dependency,The tool detected the smell in this class because the class creates objects of concrete classes and uses them. Following concrete classes are instantiated and used: com.google.zxing.Result,/data/henrique/detecting_smells_study/project/data/repositories/zxing/core/src/main/java/com/google/zxing/oned/UPCEANExtension5Support.java
zxing,com.google.zxing.oned,Code128Reader,Hard-wired Dependency,The tool detected the smell in this class because the class creates objects of concrete classes and uses them. Following concrete classes are instantiated and used: com.google.zxing.Result,/data/henrique/detecting_smells_study/project/data/repositories/zxing/core/src/main/java/com/google/zxing/oned/Code128Reader.java
zxing,com.google.zxing.oned,Code128Reader,Excessive Dependency,The tool detected the smell in this class because the class depends on too many dependencies. The total number of dependencies is: 9,/data/henrique/detecting_smells_study/project/data/repositories/zxing/core/src/main/java/com/google/zxing/oned/Code128Reader.java
zxing,com.google.zxing.oned,UPCEANReader,Hard-wired Dependency,The tool detected the smell in this class because the class creates objects of concrete classes and uses them. Following concrete classes are instantiated and used: com.google.zxing.oned.UPCEANExtensionSupport; com.google.zxing.oned.EANManufacturerOrgSupport; com.google.zxing.Result,/data/henrique/detecting_smells_study/project/data/repositories/zxing/core/src/main/java/com/google/zxing/oned/UPCEANReader.java
zxing,com.google.zxing.oned,UPCEANReader,Excessive Dependency,The tool detected the smell in this class because the class depends on too many dependencies. The total number of dependencies is: 12,/data/henrique/detecting_smells_study/project/data/repositories/zxing/core/src/main/java/com/google/zxing/oned/UPCEANReader.java
zxing,com.google.zxing.oned.rss,RSS14Reader,Hard-wired Dependency,The tool detected the smell in this class because the class creates objects of concrete classes and uses them. Following concrete classes are instantiated and used: com.google.zxing.Result,/data/henrique/detecting_smells_study/project/data/repositories/zxing/core/src/main/java/com/google/zxing/oned/rss/RSS14Reader.java
zxing,com.google.zxing.oned.rss,RSS14Reader,Excessive Dependency,The tool detected the smell in this class because the class depends on too many dependencies. The total number of dependencies is: 14,/data/henrique/detecting_smells_study/project/data/repositories/zxing/core/src/main/java/com/google/zxing/oned/rss/RSS14Reader.java
zxing,com.google.zxing.oned.rss,RSS14Reader,Law of Demeter violation,The tool detected the smell in this method (constructResult) because the method voilates the law of Demeter. The long chain of method invocations is : com.google.zxing.oned.rss.Pair.getFinderPattern; com.google.zxing.oned.rss.FinderPattern.getResultPoints,/data/henrique/detecting_smells_study/project/data/repositories/zxing/core/src/main/java/com/google/zxing/oned/rss/RSS14Reader.java
zxing,com.google.zxing.oned.rss,RSS14Reader,Law of Demeter violation,The tool detected the smell in this method (constructResult) because the method voilates the law of Demeter. The long chain of method invocations is : com.google.zxing.oned.rss.Pair.getFinderPattern; com.google.zxing.oned.rss.FinderPattern.getResultPoints,/data/henrique/detecting_smells_study/project/data/repositories/zxing/core/src/main/java/com/google/zxing/oned/rss/RSS14Reader.java
zxing,com.google.zxing.oned.rss,RSS14Reader,Law of Demeter violation,The tool detected the smell in this method (checkChecksum) because the method voilates the law of Demeter. The long chain of method invocations is : com.google.zxing.oned.rss.Pair.getFinderPattern; com.google.zxing.oned.rss.FinderPattern.getValue,/data/henrique/detecting_smells_study/project/data/repositories/zxing/core/src/main/java/com/google/zxing/oned/rss/RSS14Reader.java
zxing,com.google.zxing.oned.rss,RSS14Reader,Law of Demeter violation,The tool detected the smell in this method (checkChecksum) because the method voilates the law of Demeter. The long chain of method invocations is : com.google.zxing.oned.rss.Pair.getFinderPattern; com.google.zxing.oned.rss.FinderPattern.getValue,/data/henrique/detecting_smells_study/project/data/repositories/zxing/core/src/main/java/com/google/zxing/oned/rss/RSS14Reader.java
zxing,com.google.zxing.oned.rss.expanded.decoders,GeneralAppIdDecoder,Hard-wired Dependency,The tool detected the smell in this class because the class creates objects of concrete classes and uses them. Following concrete classes are instantiated and used: com.google.zxing.oned.rss.expanded.decoders.DecodedInformation; com.google.zxing.oned.rss.expanded.decoders.CurrentParsingState,/data/henrique/detecting_smells_study/project/data/repositories/zxing/core/src/main/java/com/google/zxing/oned/rss/expanded/decoders/GeneralAppIdDecoder.java
zxing,com.google.zxing.oned.rss.expanded.decoders,GeneralAppIdDecoder,Excessive Dependency,The tool detected the smell in this class because the class depends on too many dependencies. The total number of dependencies is: 9,/data/henrique/detecting_smells_study/project/data/repositories/zxing/core/src/main/java/com/google/zxing/oned/rss/expanded/decoders/GeneralAppIdDecoder.java
zxing,com.google.zxing.oned.rss.expanded.decoders,AI013x0xDecoder,Law of Demeter violation,The tool detected the smell in this method (parseInformation) because the method voilates the law of Demeter. The long chain of method invocations is : com.google.zxing.oned.rss.expanded.decoders.AbstractExpandedDecoder.getInformation; com.google.zxing.common.BitArray.getSize,/data/henrique/detecting_smells_study/project/data/repositories/zxing/core/src/main/java/com/google/zxing/oned/rss/expanded/decoders/AI013x0xDecoder.java
zxing,com.google.zxing.oned.rss.expanded.decoders,AI01392xDecoder,Law of Demeter violation,The tool detected the smell in this method (parseInformation) because the method voilates the law of Demeter. The long chain of method invocations is : com.google.zxing.oned.rss.expanded.decoders.AbstractExpandedDecoder.getInformation; com.google.zxing.common.BitArray.getSize,/data/henrique/detecting_smells_study/project/data/repositories/zxing/core/src/main/java/com/google/zxing/oned/rss/expanded/decoders/AI01392xDecoder.java
zxing,com.google.zxing.oned.rss.expanded.decoders,AI01392xDecoder,Law of Demeter violation,The tool detected the smell in this method (parseInformation) because the method voilates the law of Demeter. The long chain of method invocations is : com.google.zxing.oned.rss.expanded.decoders.GeneralAppIdDecoder.extractNumericValueFromBitArray; com.google.zxing.oned.rss.expanded.decoders.AbstractExpandedDecoder.getGeneralDecoder,/data/henrique/detecting_smells_study/project/data/repositories/zxing/core/src/main/java/com/google/zxing/oned/rss/expanded/decoders/AI01392xDecoder.java
zxing,com.google.zxing.oned.rss.expanded.decoders,AI01392xDecoder,Law of Demeter violation,The tool detected the smell in this method (parseInformation) because the method voilates the law of Demeter. The long chain of method invocations is : com.google.zxing.oned.rss.expanded.decoders.GeneralAppIdDecoder.decodeGeneralPurposeField; com.google.zxing.oned.rss.expanded.decoders.AbstractExpandedDecoder.getGeneralDecoder,/data/henrique/detecting_smells_study/project/data/repositories/zxing/core/src/main/java/com/google/zxing/oned/rss/expanded/decoders/AI01392xDecoder.java
zxing,com.google.zxing.oned.rss.expanded.decoders,AI01weightDecoder,Law of Demeter violation,The tool detected the smell in this method (encodeCompressedWeight) because the method voilates the law of Demeter. The long chain of method invocations is : com.google.zxing.oned.rss.expanded.decoders.GeneralAppIdDecoder.extractNumericValueFromBitArray; com.google.zxing.oned.rss.expanded.decoders.AbstractExpandedDecoder.getGeneralDecoder,/data/henrique/detecting_smells_study/project/data/repositories/zxing/core/src/main/java/com/google/zxing/oned/rss/expanded/decoders/AI01weightDecoder.java
zxing,com.google.zxing.oned.rss.expanded.decoders,AI01decoder,Law of Demeter violation,The tool detected the smell in this method (encodeCompressedGtinWithoutAI) because the method voilates the law of Demeter. The long chain of method invocations is : com.google.zxing.oned.rss.expanded.decoders.GeneralAppIdDecoder.extractNumericValueFromBitArray; com.google.zxing.oned.rss.expanded.decoders.AbstractExpandedDecoder.getGeneralDecoder,/data/henrique/detecting_smells_study/project/data/repositories/zxing/core/src/main/java/com/google/zxing/oned/rss/expanded/decoders/AI01decoder.java
zxing,com.google.zxing.oned.rss.expanded.decoders,AnyAIDecoder,Law of Demeter violation,The tool detected the smell in this method (parseInformation) because the method voilates the law of Demeter. The long chain of method invocations is : com.google.zxing.oned.rss.expanded.decoders.GeneralAppIdDecoder.decodeAllCodes; com.google.zxing.oned.rss.expanded.decoders.AbstractExpandedDecoder.getGeneralDecoder,/data/henrique/detecting_smells_study/project/data/repositories/zxing/core/src/main/java/com/google/zxing/oned/rss/expanded/decoders/AnyAIDecoder.java
zxing,com.google.zxing.oned.rss.expanded.decoders,AI01AndOtherAIs,Law of Demeter violation,The tool detected the smell in this method (parseInformation) because the method voilates the law of Demeter. The long chain of method invocations is : com.google.zxing.oned.rss.expanded.decoders.GeneralAppIdDecoder.extractNumericValueFromBitArray; com.google.zxing.oned.rss.expanded.decoders.AbstractExpandedDecoder.getGeneralDecoder,/data/henrique/detecting_smells_study/project/data/repositories/zxing/core/src/main/java/com/google/zxing/oned/rss/expanded/decoders/AI01AndOtherAIs.java
zxing,com.google.zxing.oned.rss.expanded.decoders,AI01AndOtherAIs,Law of Demeter violation,The tool detected the smell in this method (parseInformation) because the method voilates the law of Demeter. The long chain of method invocations is : com.google.zxing.oned.rss.expanded.decoders.GeneralAppIdDecoder.decodeAllCodes; com.google.zxing.oned.rss.expanded.decoders.AbstractExpandedDecoder.getGeneralDecoder,/data/henrique/detecting_smells_study/project/data/repositories/zxing/core/src/main/java/com/google/zxing/oned/rss/expanded/decoders/AI01AndOtherAIs.java
zxing,com.google.zxing.oned.rss.expanded.decoders,AI01393xDecoder,Law of Demeter violation,The tool detected the smell in this method (parseInformation) because the method voilates the law of Demeter. The long chain of method invocations is : com.google.zxing.oned.rss.expanded.decoders.AbstractExpandedDecoder.getInformation; com.google.zxing.common.BitArray.getSize,/data/henrique/detecting_smells_study/project/data/repositories/zxing/core/src/main/java/com/google/zxing/oned/rss/expanded/decoders/AI01393xDecoder.java
zxing,com.google.zxing.oned.rss.expanded.decoders,AI01393xDecoder,Law of Demeter violation,The tool detected the smell in this method (parseInformation) because the method voilates the law of Demeter. The long chain of method invocations is : com.google.zxing.oned.rss.expanded.decoders.GeneralAppIdDecoder.extractNumericValueFromBitArray; com.google.zxing.oned.rss.expanded.decoders.AbstractExpandedDecoder.getGeneralDecoder,/data/henrique/detecting_smells_study/project/data/repositories/zxing/core/src/main/java/com/google/zxing/oned/rss/expanded/decoders/AI01393xDecoder.java
zxing,com.google.zxing.oned.rss.expanded.decoders,AI01393xDecoder,Law of Demeter violation,The tool detected the smell in this method (parseInformation) because the method voilates the law of Demeter. The long chain of method invocations is : com.google.zxing.oned.rss.expanded.decoders.GeneralAppIdDecoder.extractNumericValueFromBitArray; com.google.zxing.oned.rss.expanded.decoders.AbstractExpandedDecoder.getGeneralDecoder,/data/henrique/detecting_smells_study/project/data/repositories/zxing/core/src/main/java/com/google/zxing/oned/rss/expanded/decoders/AI01393xDecoder.java
zxing,com.google.zxing.oned.rss.expanded.decoders,AI01393xDecoder,Law of Demeter violation,The tool detected the smell in this method (parseInformation) because the method voilates the law of Demeter. The long chain of method invocations is : com.google.zxing.oned.rss.expanded.decoders.GeneralAppIdDecoder.decodeGeneralPurposeField; com.google.zxing.oned.rss.expanded.decoders.AbstractExpandedDecoder.getGeneralDecoder,/data/henrique/detecting_smells_study/project/data/repositories/zxing/core/src/main/java/com/google/zxing/oned/rss/expanded/decoders/AI01393xDecoder.java
zxing,com.google.zxing.oned.rss.expanded.decoders,AbstractExpandedDecoder,Hard-wired Dependency,The tool detected the smell in this class because the class creates objects of concrete classes and uses them. Following concrete classes are instantiated and used: com.google.zxing.oned.rss.expanded.decoders.GeneralAppIdDecoder,/data/henrique/detecting_smells_study/project/data/repositories/zxing/core/src/main/java/com/google/zxing/oned/rss/expanded/decoders/AbstractExpandedDecoder.java
zxing,com.google.zxing.oned.rss.expanded.decoders,AI013x0x1xDecoder,Law of Demeter violation,The tool detected the smell in this method (parseInformation) because the method voilates the law of Demeter. The long chain of method invocations is : com.google.zxing.oned.rss.expanded.decoders.AbstractExpandedDecoder.getInformation; com.google.zxing.common.BitArray.getSize,/data/henrique/detecting_smells_study/project/data/repositories/zxing/core/src/main/java/com/google/zxing/oned/rss/expanded/decoders/AI013x0x1xDecoder.java
zxing,com.google.zxing.oned.rss.expanded.decoders,AI013x0x1xDecoder,Law of Demeter violation,The tool detected the smell in this method (encodeCompressedDate) because the method voilates the law of Demeter. The long chain of method invocations is : com.google.zxing.oned.rss.expanded.decoders.GeneralAppIdDecoder.extractNumericValueFromBitArray; com.google.zxing.oned.rss.expanded.decoders.AbstractExpandedDecoder.getGeneralDecoder,/data/henrique/detecting_smells_study/project/data/repositories/zxing/core/src/main/java/com/google/zxing/oned/rss/expanded/decoders/AI013x0x1xDecoder.java
zxing,com.google.zxing.oned.rss.expanded,RSSExpandedReader,Hard-wired Dependency,The tool detected the smell in this class because the class creates objects of concrete classes and uses them. Following concrete classes are instantiated and used: com.google.zxing.Result,/data/henrique/detecting_smells_study/project/data/repositories/zxing/core/src/main/java/com/google/zxing/oned/rss/expanded/RSSExpandedReader.java
zxing,com.google.zxing.oned.rss.expanded,RSSExpandedReader,Excessive Dependency,The tool detected the smell in this class because the class depends on too many dependencies. The total number of dependencies is: 16,/data/henrique/detecting_smells_study/project/data/repositories/zxing/core/src/main/java/com/google/zxing/oned/rss/expanded/RSSExpandedReader.java
zxing,com.google.zxing.oned.rss.expanded,RSSExpandedReader,Law of Demeter violation,The tool detected the smell in this method (isValidSequence) because the method voilates the law of Demeter. The long chain of method invocations is : com.google.zxing.oned.rss.FinderPattern.getValue; com.google.zxing.oned.rss.expanded.ExpandedPair.getFinderPattern,/data/henrique/detecting_smells_study/project/data/repositories/zxing/core/src/main/java/com/google/zxing/oned/rss/expanded/RSSExpandedReader.java
zxing,com.google.zxing.oned.rss.expanded,RSSExpandedReader,Law of Demeter violation,The tool detected the smell in this method (mayFollow) because the method voilates the law of Demeter. The long chain of method invocations is : com.google.zxing.oned.rss.FinderPattern.getValue; com.google.zxing.oned.rss.expanded.ExpandedPair.getFinderPattern,/data/henrique/detecting_smells_study/project/data/repositories/zxing/core/src/main/java/com/google/zxing/oned/rss/expanded/RSSExpandedReader.java
zxing,com.google.zxing.oned.rss.expanded,RSSExpandedReader,Law of Demeter violation,The tool detected the smell in this method (constructResult) because the method voilates the law of Demeter. The long chain of method invocations is : com.google.zxing.oned.rss.expanded.ExpandedPair.getFinderPattern; com.google.zxing.oned.rss.FinderPattern.getResultPoints,/data/henrique/detecting_smells_study/project/data/repositories/zxing/core/src/main/java/com/google/zxing/oned/rss/expanded/RSSExpandedReader.java
zxing,com.google.zxing.oned.rss.expanded,RSSExpandedReader,Law of Demeter violation,The tool detected the smell in this method (constructResult) because the method voilates the law of Demeter. The long chain of method invocations is : com.google.zxing.oned.rss.expanded.ExpandedPair.getFinderPattern; com.google.zxing.oned.rss.FinderPattern.getResultPoints,/data/henrique/detecting_smells_study/project/data/repositories/zxing/core/src/main/java/com/google/zxing/oned/rss/expanded/RSSExpandedReader.java
zxing,com.google.zxing.oned.rss.expanded,RSSExpandedReader,Law of Demeter violation,The tool detected the smell in this method (checkChecksum) because the method voilates the law of Demeter. The long chain of method invocations is : com.google.zxing.oned.rss.expanded.ExpandedPair.getLeftChar; com.google.zxing.oned.rss.DataCharacter.getChecksumPortion,/data/henrique/detecting_smells_study/project/data/repositories/zxing/core/src/main/java/com/google/zxing/oned/rss/expanded/RSSExpandedReader.java
zxing,com.google.zxing.oned.rss.expanded,RSSExpandedReader,Law of Demeter violation,The tool detected the smell in this method (findNextPair) because the method voilates the law of Demeter. The long chain of method invocations is : com.google.zxing.oned.rss.FinderPattern.getStartEnd; com.google.zxing.oned.rss.expanded.ExpandedPair.getFinderPattern,/data/henrique/detecting_smells_study/project/data/repositories/zxing/core/src/main/java/com/google/zxing/oned/rss/expanded/RSSExpandedReader.java
zxing,com.google.zxing.oned.rss.expanded,RSSExpandedReader,Law of Demeter violation,The tool detected the smell in this method (parseFoundFinderPattern) because the method voilates the law of Demeter. The long chain of method invocations is : com.google.zxing.oned.rss.FinderPattern.getStartEnd; com.google.zxing.oned.rss.expanded.ExpandedPair.getFinderPattern,/data/henrique/detecting_smells_study/project/data/repositories/zxing/core/src/main/java/com/google/zxing/oned/rss/expanded/RSSExpandedReader.java
zxing,com.google.zxing.oned.rss.expanded,RSSExpandedReader,Law of Demeter violation,The tool detected the smell in this method (parseFoundFinderPattern) because the method voilates the law of Demeter. The long chain of method invocations is : com.google.zxing.oned.rss.FinderPattern.getStartEnd; com.google.zxing.oned.rss.expanded.ExpandedPair.getFinderPattern,/data/henrique/detecting_smells_study/project/data/repositories/zxing/core/src/main/java/com/google/zxing/oned/rss/expanded/RSSExpandedReader.java
zxing,com.google.zxing.oned.rss.expanded,BitArrayBuilder,Hard-wired Dependency,The tool detected the smell in this class because the class creates objects of concrete classes and uses them. Following concrete classes are instantiated and used: com.google.zxing.common.BitArray,/data/henrique/detecting_smells_study/project/data/repositories/zxing/core/src/main/java/com/google/zxing/oned/rss/expanded/BitArrayBuilder.java
zxing,com.google.zxing.oned.rss.expanded,BitArrayBuilder,Law of Demeter violation,The tool detected the smell in this method (buildBitArray) because the method voilates the law of Demeter. The long chain of method invocations is : com.google.zxing.oned.rss.expanded.ExpandedPair.getRightChar; com.google.zxing.oned.rss.DataCharacter.getValue,/data/henrique/detecting_smells_study/project/data/repositories/zxing/core/src/main/java/com/google/zxing/oned/rss/expanded/BitArrayBuilder.java
zxing,com.google.zxing.oned.rss.expanded,BitArrayBuilder,Law of Demeter violation,The tool detected the smell in this method (buildBitArray) because the method voilates the law of Demeter. The long chain of method invocations is : com.google.zxing.oned.rss.expanded.ExpandedPair.getLeftChar; com.google.zxing.oned.rss.DataCharacter.getValue,/data/henrique/detecting_smells_study/project/data/repositories/zxing/core/src/main/java/com/google/zxing/oned/rss/expanded/BitArrayBuilder.java
zxing,com.google.zxing.oned.rss.expanded,BitArrayBuilder,Law of Demeter violation,The tool detected the smell in this method (buildBitArray) because the method voilates the law of Demeter. The long chain of method invocations is : com.google.zxing.oned.rss.expanded.ExpandedPair.getRightChar; com.google.zxing.oned.rss.DataCharacter.getValue,/data/henrique/detecting_smells_study/project/data/repositories/zxing/core/src/main/java/com/google/zxing/oned/rss/expanded/BitArrayBuilder.java
zxing,com.google.zxing.oned.rss.expanded,BinaryUtil,Hard-wired Dependency,The tool detected the smell in this class because the class creates objects of concrete classes and uses them. Following concrete classes are instantiated and used: com.google.zxing.common.BitArray,/data/henrique/detecting_smells_study/project/data/repositories/zxing/core/src/test/java/com/google/zxing/oned/rss/expanded/BinaryUtil.java
zxing,com.google.zxing.pdf417,PDF417Reader,Hard-wired Dependency,The tool detected the smell in this class because the class creates objects of concrete classes and uses them. Following concrete classes are instantiated and used: com.google.zxing.Result,/data/henrique/detecting_smells_study/project/data/repositories/zxing/core/src/main/java/com/google/zxing/pdf417/PDF417Reader.java
zxing,com.google.zxing.pdf417,PDF417Reader,Excessive Dependency,The tool detected the smell in this class because the class depends on too many dependencies. The total number of dependencies is: 14,/data/henrique/detecting_smells_study/project/data/repositories/zxing/core/src/main/java/com/google/zxing/pdf417/PDF417Reader.java
zxing,com.google.zxing.pdf417,PDF417Writer,Hard-wired Dependency,The tool detected the smell in this class because the class creates objects of concrete classes and uses them. Following concrete classes are instantiated and used: com.google.zxing.pdf417.encoder.PDF417; com.google.zxing.common.BitMatrix,/data/henrique/detecting_smells_study/project/data/repositories/zxing/core/src/main/java/com/google/zxing/pdf417/PDF417Writer.java
zxing,com.google.zxing.pdf417,PDF417Writer,Law of Demeter violation,The tool detected the smell in this method (bitMatrixFromEncoder) because the method voilates the law of Demeter. The long chain of method invocations is : com.google.zxing.pdf417.encoder.PDF417.getBarcodeMatrix; com.google.zxing.pdf417.encoder.BarcodeMatrix.getScaledMatrix,/data/henrique/detecting_smells_study/project/data/repositories/zxing/core/src/main/java/com/google/zxing/pdf417/PDF417Writer.java
zxing,com.google.zxing.pdf417,PDF417Writer,Law of Demeter violation,The tool detected the smell in this method (bitMatrixFromEncoder) because the method voilates the law of Demeter. The long chain of method invocations is : com.google.zxing.pdf417.encoder.PDF417.getBarcodeMatrix; com.google.zxing.pdf417.encoder.BarcodeMatrix.getScaledMatrix,/data/henrique/detecting_smells_study/project/data/repositories/zxing/core/src/main/java/com/google/zxing/pdf417/PDF417Writer.java
zxing,com.google.zxing.pdf417.detector,Detector,Hard-wired Dependency,The tool detected the smell in this class because the class creates objects of concrete classes and uses them. Following concrete classes are instantiated and used: com.google.zxing.ResultPoint,/data/henrique/detecting_smells_study/project/data/repositories/zxing/core/src/main/java/com/google/zxing/pdf417/detector/Detector.java
zxing,com.google.zxing.pdf417.decoder,DecodedBitStreamParser,Hard-wired Dependency,The tool detected the smell in this class because the class creates objects of concrete classes and uses them. Following concrete classes are instantiated and used: com.google.zxing.common.DecoderResult; com.google.zxing.common.ECIStringBuilder; com.google.zxing.pdf417.PDF417ResultMetadata,/data/henrique/detecting_smells_study/project/data/repositories/zxing/core/src/main/java/com/google/zxing/pdf417/decoder/DecodedBitStreamParser.java
zxing,com.google.zxing.pdf417.decoder,BoundingBox,Hard-wired Dependency,The tool detected the smell in this class because the class creates objects of concrete classes and uses them. Following concrete classes are instantiated and used: com.google.zxing.ResultPoint,/data/henrique/detecting_smells_study/project/data/repositories/zxing/core/src/main/java/com/google/zxing/pdf417/decoder/BoundingBox.java
zxing,com.google.zxing.pdf417.decoder,DetectionResultRowIndicatorColumn,Hard-wired Dependency,The tool detected the smell in this class because the class creates objects of concrete classes and uses them. Following concrete classes are instantiated and used: com.google.zxing.pdf417.decoder.BarcodeMetadata; com.google.zxing.pdf417.decoder.BarcodeValue,/data/henrique/detecting_smells_study/project/data/repositories/zxing/core/src/main/java/com/google/zxing/pdf417/decoder/DetectionResultRowIndicatorColumn.java
zxing,com.google.zxing.pdf417.decoder,PDF417ScanningDecoder,Hard-wired Dependency,The tool detected the smell in this class because the class creates objects of concrete classes and uses them. Following concrete classes are instantiated and used: com.google.zxing.pdf417.decoder.DetectionResultColumn; com.google.zxing.pdf417.decoder.BoundingBox; com.google.zxing.pdf417.decoder.DetectionResultRowIndicatorColumn; com.google.zxing.pdf417.decoder.BarcodeValue; com.google.zxing.pdf417.decoder.ec.ErrorCorrection,/data/henrique/detecting_smells_study/project/data/repositories/zxing/core/src/main/java/com/google/zxing/pdf417/decoder/PDF417ScanningDecoder.java
zxing,com.google.zxing.pdf417.decoder,PDF417ScanningDecoder,Excessive Dependency,The tool detected the smell in this class because the class depends on too many dependencies. The total number of dependencies is: 18,/data/henrique/detecting_smells_study/project/data/repositories/zxing/core/src/main/java/com/google/zxing/pdf417/decoder/PDF417ScanningDecoder.java
zxing,com.google.zxing.pdf417.decoder,PDF417ScanningDecoder,Law of Demeter violation,The tool detected the smell in this method (adjustBoundingBox) because the method voilates the law of Demeter. The long chain of method invocations is : com.google.zxing.pdf417.decoder.BoundingBox.addMissingRows; com.google.zxing.pdf417.decoder.DetectionResultColumn.getBoundingBox,/data/henrique/detecting_smells_study/project/data/repositories/zxing/core/src/main/java/com/google/zxing/pdf417/decoder/PDF417ScanningDecoder.java
zxing,com.google.zxing.pdf417.decoder,PDF417ScanningDecoder,Law of Demeter violation,The tool detected the smell in this method (getStartColumn) because the method voilates the law of Demeter. The long chain of method invocations is : com.google.zxing.pdf417.decoder.DetectionResultColumn.getCodeword; com.google.zxing.pdf417.decoder.DetectionResult.getDetectionResultColumn,/data/henrique/detecting_smells_study/project/data/repositories/zxing/core/src/main/java/com/google/zxing/pdf417/decoder/PDF417ScanningDecoder.java
zxing,com.google.zxing.pdf417.decoder,PDF417ScanningDecoder,Law of Demeter violation,The tool detected the smell in this method (getStartColumn) because the method voilates the law of Demeter. The long chain of method invocations is : com.google.zxing.pdf417.decoder.DetectionResultColumn.getCodewordNearby; com.google.zxing.pdf417.decoder.DetectionResult.getDetectionResultColumn,/data/henrique/detecting_smells_study/project/data/repositories/zxing/core/src/main/java/com/google/zxing/pdf417/decoder/PDF417ScanningDecoder.java
zxing,com.google.zxing.pdf417.decoder,PDF417ScanningDecoder,Law of Demeter violation,The tool detected the smell in this method (getStartColumn) because the method voilates the law of Demeter. The long chain of method invocations is : com.google.zxing.pdf417.decoder.DetectionResultColumn.getCodewordNearby; com.google.zxing.pdf417.decoder.DetectionResult.getDetectionResultColumn,/data/henrique/detecting_smells_study/project/data/repositories/zxing/core/src/main/java/com/google/zxing/pdf417/decoder/PDF417ScanningDecoder.java
zxing,com.google.zxing.pdf417.decoder,PDF417ScanningDecoder,Law of Demeter violation,The tool detected the smell in this method (getStartColumn) because the method voilates the law of Demeter. The long chain of method invocations is : com.google.zxing.pdf417.decoder.DetectionResultColumn.getCodewords; com.google.zxing.pdf417.decoder.DetectionResult.getDetectionResultColumn,/data/henrique/detecting_smells_study/project/data/repositories/zxing/core/src/main/java/com/google/zxing/pdf417/decoder/PDF417ScanningDecoder.java
zxing,com.google.zxing.pdf417.decoder,PDF417ScanningDecoder,Law of Demeter violation,The tool detected the smell in this method (getStartColumn) because the method voilates the law of Demeter. The long chain of method invocations is : com.google.zxing.pdf417.decoder.BoundingBox.getMinX; com.google.zxing.pdf417.decoder.DetectionResult.getBoundingBox,/data/henrique/detecting_smells_study/project/data/repositories/zxing/core/src/main/java/com/google/zxing/pdf417/decoder/PDF417ScanningDecoder.java
zxing,com.google.zxing.pdf417.decoder,PDF417ScanningDecoder,Law of Demeter violation,The tool detected the smell in this method (getStartColumn) because the method voilates the law of Demeter. The long chain of method invocations is : com.google.zxing.pdf417.decoder.BoundingBox.getMaxX; com.google.zxing.pdf417.decoder.DetectionResult.getBoundingBox,/data/henrique/detecting_smells_study/project/data/repositories/zxing/core/src/main/java/com/google/zxing/pdf417/decoder/PDF417ScanningDecoder.java
zxing,com.google.zxing.pdf417.decoder,DetectionResultColumn,Hard-wired Dependency,The tool detected the smell in this class because the class creates objects of concrete classes and uses them. Following concrete classes are instantiated and used: com.google.zxing.pdf417.decoder.BoundingBox,/data/henrique/detecting_smells_study/project/data/repositories/zxing/core/src/main/java/com/google/zxing/pdf417/decoder/DetectionResultColumn.java
zxing,com.google.zxing.pdf417.decoder.ec,ErrorCorrection,Hard-wired Dependency,The tool detected the smell in this class because the class creates objects of concrete classes and uses them. Following concrete classes are instantiated and used: com.google.zxing.pdf417.decoder.ec.ModulusPoly,/data/henrique/detecting_smells_study/project/data/repositories/zxing/core/src/main/java/com/google/zxing/pdf417/decoder/ec/ErrorCorrection.java
zxing,com.google.zxing.pdf417.decoder.ec,ErrorCorrection,Law of Demeter violation,The tool detected the smell in this method (runEuclideanAlgorithm) because the method voilates the law of Demeter. The long chain of method invocations is : com.google.zxing.pdf417.decoder.ec.ModulusPoly.subtract; com.google.zxing.pdf417.decoder.ec.ModulusPoly.negative; com.google.zxing.pdf417.decoder.ec.ModulusPoly.multiply,/data/henrique/detecting_smells_study/project/data/repositories/zxing/core/src/main/java/com/google/zxing/pdf417/decoder/ec/ErrorCorrection.java
zxing,com.google.zxing.pdf417.encoder,PDF417,Hard-wired Dependency,The tool detected the smell in this class because the class creates objects of concrete classes and uses them. Following concrete classes are instantiated and used: com.google.zxing.pdf417.encoder.BarcodeMatrix,/data/henrique/detecting_smells_study/project/data/repositories/zxing/core/src/main/java/com/google/zxing/pdf417/encoder/PDF417.java
zxing,com.google.zxing.pdf417.encoder,BarcodeMatrix,Hard-wired Dependency,The tool detected the smell in this class because the class creates objects of concrete classes and uses them. Following concrete classes are instantiated and used: com.google.zxing.pdf417.encoder.BarcodeRow,/data/henrique/detecting_smells_study/project/data/repositories/zxing/core/src/main/java/com/google/zxing/pdf417/encoder/BarcodeMatrix.java
zxing,com.google.zxing.pdf417.encoder,PDF417HighLevelEncoder,Hard-wired Dependency,The tool detected the smell in this class because the class creates objects of concrete classes and uses them. Following concrete classes are instantiated and used: com.google.zxing.common.ECIInput,/data/henrique/detecting_smells_study/project/data/repositories/zxing/core/src/main/java/com/google/zxing/pdf417/encoder/PDF417HighLevelEncoder.java
zxing,com.google.zxing.multi,ByQuadrantReader,Hard-wired Dependency,The tool detected the smell in this class because the class creates objects of concrete classes and uses them. Following concrete classes are instantiated and used: com.google.zxing.ResultPoint,/data/henrique/detecting_smells_study/project/data/repositories/zxing/core/src/main/java/com/google/zxing/multi/ByQuadrantReader.java
zxing,com.google.zxing.multi,GenericMultipleBarcodeReader,Hard-wired Dependency,The tool detected the smell in this class because the class creates objects of concrete classes and uses them. Following concrete classes are instantiated and used: com.google.zxing.ResultPoint; com.google.zxing.Result,/data/henrique/detecting_smells_study/project/data/repositories/zxing/core/src/main/java/com/google/zxing/multi/GenericMultipleBarcodeReader.java
zxing,com.google.zxing.multi.qrcode.detector,MultiDetector,Hard-wired Dependency,The tool detected the smell in this class because the class creates objects of concrete classes and uses them. Following concrete classes are instantiated and used: com.google.zxing.multi.qrcode.detector.MultiFinderPatternFinder,/data/henrique/detecting_smells_study/project/data/repositories/zxing/core/src/main/java/com/google/zxing/multi/qrcode/detector/MultiDetector.java
zxing,com.google.zxing.multi.qrcode.detector,MultiFinderPatternFinder,Hard-wired Dependency,The tool detected the smell in this class because the class creates objects of concrete classes and uses them. Following concrete classes are instantiated and used: com.google.zxing.qrcode.detector.FinderPatternInfo,/data/henrique/detecting_smells_study/project/data/repositories/zxing/core/src/main/java/com/google/zxing/multi/qrcode/detector/MultiFinderPatternFinder.java
zxing,com.google.zxing.multi.qrcode.detector,MultiFinderPatternFinder,Excessive Dependency,The tool detected the smell in this class because the class depends on too many dependencies. The total number of dependencies is: 8,/data/henrique/detecting_smells_study/project/data/repositories/zxing/core/src/main/java/com/google/zxing/multi/qrcode/detector/MultiFinderPatternFinder.java
zxing,com.google.zxing.multi.qrcode,QRCodeMultiReader,Hard-wired Dependency,The tool detected the smell in this class because the class creates objects of concrete classes and uses them. Following concrete classes are instantiated and used: com.google.zxing.multi.qrcode.detector.MultiDetector; com.google.zxing.Result,/data/henrique/detecting_smells_study/project/data/repositories/zxing/core/src/main/java/com/google/zxing/multi/qrcode/QRCodeMultiReader.java
zxing,com.google.zxing.qrcode,QRCodeReader,Hard-wired Dependency,The tool detected the smell in this class because the class creates objects of concrete classes and uses them. Following concrete classes are instantiated and used: com.google.zxing.common.DetectorResult; com.google.zxing.Result; com.google.zxing.common.BitMatrix; com.google.zxing.qrcode.detector.Detector,/data/henrique/detecting_smells_study/project/data/repositories/zxing/core/src/main/java/com/google/zxing/qrcode/QRCodeReader.java
zxing,com.google.zxing.qrcode,QRCodeReader,Excessive Dependency,The tool detected the smell in this class because the class depends on too many dependencies. The total number of dependencies is: 13,/data/henrique/detecting_smells_study/project/data/repositories/zxing/core/src/main/java/com/google/zxing/qrcode/QRCodeReader.java
zxing,com.google.zxing.qrcode,QRCodeWriter,Hard-wired Dependency,The tool detected the smell in this class because the class creates objects of concrete classes and uses them. Following concrete classes are instantiated and used: com.google.zxing.common.BitMatrix,/data/henrique/detecting_smells_study/project/data/repositories/zxing/core/src/main/java/com/google/zxing/qrcode/QRCodeWriter.java
zxing,com.google.zxing.qrcode,QRCodeWriter,Excessive Dependency,The tool detected the smell in this class because the class depends on too many dependencies. The total number of dependencies is: 8,/data/henrique/detecting_smells_study/project/data/repositories/zxing/core/src/main/java/com/google/zxing/qrcode/QRCodeWriter.java
zxing,com.google.zxing.qrcode.detector,FinderPatternFinder,Hard-wired Dependency,The tool detected the smell in this class because the class creates objects of concrete classes and uses them. Following concrete classes are instantiated and used: com.google.zxing.qrcode.detector.FinderPattern,/data/henrique/detecting_smells_study/project/data/repositories/zxing/core/src/main/java/com/google/zxing/qrcode/detector/FinderPatternFinder.java
zxing,com.google.zxing.qrcode.detector,FinderPatternFinder,Excessive Dependency,The tool detected the smell in this class because the class depends on too many dependencies. The total number of dependencies is: 8,/data/henrique/detecting_smells_study/project/data/repositories/zxing/core/src/main/java/com/google/zxing/qrcode/detector/FinderPatternFinder.java
zxing,com.google.zxing.qrcode.detector,AlignmentPatternFinder,Hard-wired Dependency,The tool detected the smell in this class because the class creates objects of concrete classes and uses them. Following concrete classes are instantiated and used: com.google.zxing.qrcode.detector.AlignmentPattern,/data/henrique/detecting_smells_study/project/data/repositories/zxing/core/src/main/java/com/google/zxing/qrcode/detector/AlignmentPatternFinder.java
zxing,com.google.zxing.qrcode.detector,Detector,Hard-wired Dependency,The tool detected the smell in this class because the class creates objects of concrete classes and uses them. Following concrete classes are instantiated and used: com.google.zxing.qrcode.detector.FinderPatternFinder; com.google.zxing.qrcode.detector.AlignmentPatternFinder,/data/henrique/detecting_smells_study/project/data/repositories/zxing/core/src/main/java/com/google/zxing/qrcode/detector/Detector.java
zxing,com.google.zxing.qrcode.detector,Detector,Excessive Dependency,The tool detected the smell in this class because the class depends on too many dependencies. The total number of dependencies is: 16,/data/henrique/detecting_smells_study/project/data/repositories/zxing/core/src/main/java/com/google/zxing/qrcode/detector/Detector.java
zxing,com.google.zxing.qrcode.decoder,DecodedBitStreamParser,Hard-wired Dependency,The tool detected the smell in this class because the class creates objects of concrete classes and uses them. Following concrete classes are instantiated and used: com.google.zxing.common.BitSource,/data/henrique/detecting_smells_study/project/data/repositories/zxing/core/src/main/java/com/google/zxing/qrcode/decoder/DecodedBitStreamParser.java
zxing,com.google.zxing.qrcode.decoder,DecodedBitStreamParser,Excessive Dependency,The tool detected the smell in this class because the class depends on too many dependencies. The total number of dependencies is: 8,/data/henrique/detecting_smells_study/project/data/repositories/zxing/core/src/main/java/com/google/zxing/qrcode/decoder/DecodedBitStreamParser.java
zxing,com.google.zxing.qrcode.decoder,Decoder,Hard-wired Dependency,The tool detected the smell in this class because the class creates objects of concrete classes and uses them. Following concrete classes are instantiated and used: com.google.zxing.qrcode.decoder.BitMatrixParser; com.google.zxing.common.reedsolomon.ReedSolomonDecoder,/data/henrique/detecting_smells_study/project/data/repositories/zxing/core/src/main/java/com/google/zxing/qrcode/decoder/Decoder.java
zxing,com.google.zxing.qrcode.decoder,Decoder,Excessive Dependency,The tool detected the smell in this class because the class depends on too many dependencies. The total number of dependencies is: 11,/data/henrique/detecting_smells_study/project/data/repositories/zxing/core/src/main/java/com/google/zxing/qrcode/decoder/Decoder.java
zxing,com.google.zxing.qrcode.decoder,Decoder,Law of Demeter violation,The tool detected the smell in this method (decode) because the method voilates the law of Demeter. The long chain of method invocations is : com.google.zxing.qrcode.decoder.BitMatrixParser.readFormatInformation; com.google.zxing.qrcode.decoder.FormatInformation.getErrorCorrectionLevel,/data/henrique/detecting_smells_study/project/data/repositories/zxing/core/src/main/java/com/google/zxing/qrcode/decoder/Decoder.java
zxing,com.google.zxing.qrcode.decoder,Version,Hard-wired Dependency,The tool detected the smell in this class because the class creates objects of concrete classes and uses them. Following concrete classes are instantiated and used: com.google.zxing.common.BitMatrix,/data/henrique/detecting_smells_study/project/data/repositories/zxing/core/src/main/java/com/google/zxing/qrcode/decoder/Version.java
zxing,com.google.zxing.qrcode.decoder,Version.ECBlocks,Global State,The tool detected the smell in this class because the class can be accessed as a `global` state.,/data/henrique/detecting_smells_study/project/data/repositories/zxing/core/src/main/java/com/google/zxing/qrcode/decoder/Version.java
zxing,com.google.zxing.qrcode.decoder,Version.ECB,Global State,The tool detected the smell in this class because the class can be accessed as a `global` state.,/data/henrique/detecting_smells_study/project/data/repositories/zxing/core/src/main/java/com/google/zxing/qrcode/decoder/Version.java
zxing,com.google.zxing.qrcode.encoder,Encoder,Hard-wired Dependency,The tool detected the smell in this class because the class creates objects of concrete classes and uses them. Following concrete classes are instantiated and used: com.google.zxing.qrcode.encoder.QRCode; com.google.zxing.common.BitArray,/data/henrique/detecting_smells_study/project/data/repositories/zxing/core/src/main/java/com/google/zxing/qrcode/encoder/Encoder.java
zxing,com.google.zxing.qrcode.encoder,Encoder,Excessive Dependency,The tool detected the smell in this class because the class depends on too many dependencies. The total number of dependencies is: 14,/data/henrique/detecting_smells_study/project/data/repositories/zxing/core/src/main/java/com/google/zxing/qrcode/encoder/Encoder.java
zxing,com.google.zxing.qrcode.encoder,MinimalEncoder,Hard-wired Dependency,The tool detected the smell in this class because the class creates objects of concrete classes and uses them. Following concrete classes are instantiated and used: com.google.zxing.common.ECIEncoderSet,/data/henrique/detecting_smells_study/project/data/repositories/zxing/core/src/main/java/com/google/zxing/qrcode/encoder/MinimalEncoder.java
zxing,com.google.zxing.qrcode.encoder,MinimalEncoder,Excessive Dependency,The tool detected the smell in this class because the class depends on too many dependencies. The total number of dependencies is: 9,/data/henrique/detecting_smells_study/project/data/repositories/zxing/core/src/main/java/com/google/zxing/qrcode/encoder/MinimalEncoder.java
zxing,com.google.zxing.qrcode.encoder,MatrixUtil,Hard-wired Dependency,The tool detected the smell in this class because the class creates objects of concrete classes and uses them. Following concrete classes are instantiated and used: com.google.zxing.common.BitArray,/data/henrique/detecting_smells_study/project/data/repositories/zxing/core/src/main/java/com/google/zxing/qrcode/encoder/MatrixUtil.java
zxing,com.google.zxing.datamatrix,DataMatrixReader,Hard-wired Dependency,The tool detected the smell in this class because the class creates objects of concrete classes and uses them. Following concrete classes are instantiated and used: com.google.zxing.datamatrix.detector.Detector; com.google.zxing.common.DetectorResult; com.google.zxing.Result; com.google.zxing.common.BitMatrix,/data/henrique/detecting_smells_study/project/data/repositories/zxing/core/src/main/java/com/google/zxing/datamatrix/DataMatrixReader.java
zxing,com.google.zxing.datamatrix,DataMatrixReader,Excessive Dependency,The tool detected the smell in this class because the class depends on too many dependencies. The total number of dependencies is: 13,/data/henrique/detecting_smells_study/project/data/repositories/zxing/core/src/main/java/com/google/zxing/datamatrix/DataMatrixReader.java
zxing,com.google.zxing.datamatrix,DataMatrixWriter,Hard-wired Dependency,The tool detected the smell in this class because the class creates objects of concrete classes and uses them. Following concrete classes are instantiated and used: com.google.zxing.qrcode.encoder.ByteMatrix; com.google.zxing.datamatrix.encoder.DefaultPlacement; com.google.zxing.common.BitMatrix,/data/henrique/detecting_smells_study/project/data/repositories/zxing/core/src/main/java/com/google/zxing/datamatrix/DataMatrixWriter.java
zxing,com.google.zxing.datamatrix,DataMatrixWriter,Excessive Dependency,The tool detected the smell in this class because the class depends on too many dependencies. The total number of dependencies is: 11,/data/henrique/detecting_smells_study/project/data/repositories/zxing/core/src/main/java/com/google/zxing/datamatrix/DataMatrixWriter.java
zxing,com.google.zxing.datamatrix.detector,Detector,Hard-wired Dependency,The tool detected the smell in this class because the class creates objects of concrete classes and uses them. Following concrete classes are instantiated and used: com.google.zxing.ResultPoint; com.google.zxing.common.detector.WhiteRectangleDetector,/data/henrique/detecting_smells_study/project/data/repositories/zxing/core/src/main/java/com/google/zxing/datamatrix/detector/Detector.java
zxing,com.google.zxing.datamatrix.decoder,DecodedBitStreamParser,Hard-wired Dependency,The tool detected the smell in this class because the class creates objects of concrete classes and uses them. Following concrete classes are instantiated and used: com.google.zxing.common.ECIStringBuilder; com.google.zxing.common.BitSource,/data/henrique/detecting_smells_study/project/data/repositories/zxing/core/src/main/java/com/google/zxing/datamatrix/decoder/DecodedBitStreamParser.java
zxing,com.google.zxing.datamatrix.decoder,Decoder,Hard-wired Dependency,The tool detected the smell in this class because the class creates objects of concrete classes and uses them. Following concrete classes are instantiated and used: com.google.zxing.common.reedsolomon.ReedSolomonDecoder; com.google.zxing.datamatrix.decoder.BitMatrixParser,/data/henrique/detecting_smells_study/project/data/repositories/zxing/core/src/main/java/com/google/zxing/datamatrix/decoder/Decoder.java
zxing,com.google.zxing.datamatrix.decoder,Decoder,Excessive Dependency,The tool detected the smell in this class because the class depends on too many dependencies. The total number of dependencies is: 10,/data/henrique/detecting_smells_study/project/data/repositories/zxing/core/src/main/java/com/google/zxing/datamatrix/decoder/Decoder.java
zxing,com.google.zxing.datamatrix.decoder,BitMatrixParser,Hard-wired Dependency,The tool detected the smell in this class because the class creates objects of concrete classes and uses them. Following concrete classes are instantiated and used: com.google.zxing.common.BitMatrix,/data/henrique/detecting_smells_study/project/data/repositories/zxing/core/src/main/java/com/google/zxing/datamatrix/decoder/BitMatrixParser.java
zxing,com.google.zxing.datamatrix.encoder,EdifactEncoder,Law of Demeter violation,The tool detected the smell in this method (handleEOD) because the method voilates the law of Demeter. The long chain of method invocations is : com.google.zxing.datamatrix.encoder.SymbolInfo.getDataCapacity; com.google.zxing.datamatrix.encoder.EncoderContext.getSymbolInfo,/data/henrique/detecting_smells_study/project/data/repositories/zxing/core/src/main/java/com/google/zxing/datamatrix/encoder/EdifactEncoder.java
zxing,com.google.zxing.datamatrix.encoder,EdifactEncoder,Law of Demeter violation,The tool detected the smell in this method (handleEOD) because the method voilates the law of Demeter. The long chain of method invocations is : com.google.zxing.datamatrix.encoder.SymbolInfo.getDataCapacity; com.google.zxing.datamatrix.encoder.EncoderContext.getSymbolInfo,/data/henrique/detecting_smells_study/project/data/repositories/zxing/core/src/main/java/com/google/zxing/datamatrix/encoder/EdifactEncoder.java
zxing,com.google.zxing.datamatrix.encoder,EdifactEncoder,Law of Demeter violation,The tool detected the smell in this method (handleEOD) because the method voilates the law of Demeter. The long chain of method invocations is : com.google.zxing.datamatrix.encoder.SymbolInfo.getDataCapacity; com.google.zxing.datamatrix.encoder.EncoderContext.getSymbolInfo,/data/henrique/detecting_smells_study/project/data/repositories/zxing/core/src/main/java/com/google/zxing/datamatrix/encoder/EdifactEncoder.java
zxing,com.google.zxing.datamatrix.encoder,HighLevelEncoder,Hard-wired Dependency,The tool detected the smell in this class because the class creates objects of concrete classes and uses them. Following concrete classes are instantiated and used: com.google.zxing.datamatrix.encoder.C40Encoder; com.google.zxing.datamatrix.encoder.EncoderContext,/data/henrique/detecting_smells_study/project/data/repositories/zxing/core/src/main/java/com/google/zxing/datamatrix/encoder/HighLevelEncoder.java
zxing,com.google.zxing.datamatrix.encoder,HighLevelEncoder,Law of Demeter violation,The tool detected the smell in this method (encodeHighLevel) because the method voilates the law of Demeter. The long chain of method invocations is : com.google.zxing.datamatrix.encoder.SymbolInfo.getDataCapacity; com.google.zxing.datamatrix.encoder.EncoderContext.getSymbolInfo,/data/henrique/detecting_smells_study/project/data/repositories/zxing/core/src/main/java/com/google/zxing/datamatrix/encoder/HighLevelEncoder.java
zxing,com.google.zxing.datamatrix.encoder,Base256Encoder,Law of Demeter violation,The tool detected the smell in this method (encode) because the method voilates the law of Demeter. The long chain of method invocations is : com.google.zxing.datamatrix.encoder.SymbolInfo.getDataCapacity; com.google.zxing.datamatrix.encoder.EncoderContext.getSymbolInfo,/data/henrique/detecting_smells_study/project/data/repositories/zxing/core/src/main/java/com/google/zxing/datamatrix/encoder/Base256Encoder.java
zxing,com.google.zxing.datamatrix.encoder,C40Encoder,Law of Demeter violation,The tool detected the smell in this method (encodeMaximal) because the method voilates the law of Demeter. The long chain of method invocations is : com.google.zxing.datamatrix.encoder.SymbolInfo.getDataCapacity; com.google.zxing.datamatrix.encoder.EncoderContext.getSymbolInfo,/data/henrique/detecting_smells_study/project/data/repositories/zxing/core/src/main/java/com/google/zxing/datamatrix/encoder/C40Encoder.java
zxing,com.google.zxing.datamatrix.encoder,C40Encoder,Law of Demeter violation,The tool detected the smell in this method (encode) because the method voilates the law of Demeter. The long chain of method invocations is : com.google.zxing.datamatrix.encoder.SymbolInfo.getDataCapacity; com.google.zxing.datamatrix.encoder.EncoderContext.getSymbolInfo,/data/henrique/detecting_smells_study/project/data/repositories/zxing/core/src/main/java/com/google/zxing/datamatrix/encoder/C40Encoder.java
zxing,com.google.zxing.datamatrix.encoder,C40Encoder,Law of Demeter violation,The tool detected the smell in this method (handleEOD) because the method voilates the law of Demeter. The long chain of method invocations is : com.google.zxing.datamatrix.encoder.SymbolInfo.getDataCapacity; com.google.zxing.datamatrix.encoder.EncoderContext.getSymbolInfo,/data/henrique/detecting_smells_study/project/data/repositories/zxing/core/src/main/java/com/google/zxing/datamatrix/encoder/C40Encoder.java
zxing,com.google.zxing.datamatrix.encoder,X12Encoder,Law of Demeter violation,The tool detected the smell in this method (handleEOD) because the method voilates the law of Demeter. The long chain of method invocations is : com.google.zxing.datamatrix.encoder.SymbolInfo.getDataCapacity; com.google.zxing.datamatrix.encoder.EncoderContext.getSymbolInfo,/data/henrique/detecting_smells_study/project/data/repositories/zxing/core/src/main/java/com/google/zxing/datamatrix/encoder/X12Encoder.java
zxing,com.google.zxing.aztec,AztecWriter,Hard-wired Dependency,The tool detected the smell in this class because the class creates objects of concrete classes and uses them. Following concrete classes are instantiated and used: com.google.zxing.common.BitMatrix,/data/henrique/detecting_smells_study/project/data/repositories/zxing/core/src/main/java/com/google/zxing/aztec/AztecWriter.java
zxing,com.google.zxing.aztec,AztecReader,Hard-wired Dependency,The tool detected the smell in this class because the class creates objects of concrete classes and uses them. Following concrete classes are instantiated and used: com.google.zxing.common.DecoderResult; com.google.zxing.aztec.detector.Detector; com.google.zxing.Result; com.google.zxing.aztec.decoder.Decoder,/data/henrique/detecting_smells_study/project/data/repositories/zxing/core/src/main/java/com/google/zxing/aztec/AztecReader.java
zxing,com.google.zxing.aztec,AztecReader,Excessive Dependency,The tool detected the smell in this class because the class depends on too many dependencies. The total number of dependencies is: 12,/data/henrique/detecting_smells_study/project/data/repositories/zxing/core/src/main/java/com/google/zxing/aztec/AztecReader.java
zxing,com.google.zxing.aztec.detector,Detector,Hard-wired Dependency,The tool detected the smell in this class because the class creates objects of concrete classes and uses them. Following concrete classes are instantiated and used: com.google.zxing.ResultPoint; com.google.zxing.common.detector.WhiteRectangleDetector; com.google.zxing.common.reedsolomon.ReedSolomonDecoder,/data/henrique/detecting_smells_study/project/data/repositories/zxing/core/src/main/java/com/google/zxing/aztec/detector/Detector.java
zxing,com.google.zxing.aztec.detector,Detector,Excessive Dependency,The tool detected the smell in this class because the class depends on too many dependencies. The total number of dependencies is: 11,/data/henrique/detecting_smells_study/project/data/repositories/zxing/core/src/main/java/com/google/zxing/aztec/detector/Detector.java
zxing,com.google.zxing.aztec.decoder,Decoder,Hard-wired Dependency,The tool detected the smell in this class because the class creates objects of concrete classes and uses them. Following concrete classes are instantiated and used: com.google.zxing.common.DecoderResult; com.google.zxing.common.reedsolomon.ReedSolomonDecoder,/data/henrique/detecting_smells_study/project/data/repositories/zxing/core/src/main/java/com/google/zxing/aztec/decoder/Decoder.java
zxing,com.google.zxing.aztec.decoder,Decoder,Excessive Dependency,The tool detected the smell in this class because the class depends on too many dependencies. The total number of dependencies is: 9,/data/henrique/detecting_smells_study/project/data/repositories/zxing/core/src/main/java/com/google/zxing/aztec/decoder/Decoder.java
zxing,com.google.zxing.aztec.encoder,Encoder,Hard-wired Dependency,The tool detected the smell in this class because the class creates objects of concrete classes and uses them. Following concrete classes are instantiated and used: com.google.zxing.common.BitArray; com.google.zxing.common.BitMatrix; com.google.zxing.aztec.encoder.AztecCode; com.google.zxing.common.reedsolomon.ReedSolomonEncoder; com.google.zxing.aztec.encoder.HighLevelEncoder,/data/henrique/detecting_smells_study/project/data/repositories/zxing/core/src/main/java/com/google/zxing/aztec/encoder/Encoder.java
zxing,com.google.zxing.aztec.encoder,HighLevelEncoder,Hard-wired Dependency,The tool detected the smell in this class because the class creates objects of concrete classes and uses them. Following concrete classes are instantiated and used: com.google.zxing.aztec.encoder.State,/data/henrique/detecting_smells_study/project/data/repositories/zxing/core/src/main/java/com/google/zxing/aztec/encoder/HighLevelEncoder.java
