project,versionId,versionIndex,versionDate,ATDI,ATDI_HOURS,ATDI_WEIGHTED,ATDI_WEIGHTED_HOURS,AffectedClassesRatio,AffectedComponentType,AffectedConstructType,AffectedElements,AfferentAffectedRatio,CentralComponent,EfferentAffectedRatio,InstabilityGap,LOCDensity,MeanContTreeDepth,MeanContTreeDistance,NumberOfEdges,PageRankWeighted,PageRankWeightedRanking,SMELL_EDGES_IDS,Severity,Shape,Size,SmellExtent,SmellExtentByWeight,StDContTreeDepth,StDContTreeDistance,Strength,ThresholdValueUsed,TotalDependenciesCount,TotalNumberOfChanges,smellType,vertexId,vertexLabel
jsoup,b5c774d54fa9b76e9a34dd9497f4ede5495e40a7,0,2025-12-08T21:10:06,167.9705163809763,30.570633981337686,54.651141163227244,9.946507691707358,0.0,UNIT,ABSTRACT_CLASS,"[org.jsoup.select.NodeEvaluator, org.jsoup.helper.DataUtil, org.jsoup.select.StructuralEvaluator, org.jsoup.nodes.TextNode, org.jsoup.nodes.DocumentType, org.jsoup.nodes.PseudoTextElement, org.jsoup.nodes.Comment, org.jsoup.nodes.LeafNode, org.jsoup.select.QueryParser, org.jsoup.select.Selector, org.jsoup.select.CombiningEvaluator, org.jsoup.select.Evaluator, org.jsoup.nodes.Element, org.jsoup.helper.Regex, org.jsoup.parser.StreamParser, org.jsoup.internal.Normalizer, org.jsoup.helper.Validate, org.jsoup.select.Collector, org.jsoup.parser.ParseSettings, org.jsoup.nodes.XmlDeclaration, org.jsoup.parser.Tag, org.jsoup.nodes.Node, org.jsoup.nodes.Attribute, org.jsoup.nodes.Document, org.jsoup.select.Elements, org.jsoup.nodes.FormElement]",0.0,org.jsoup.select.Evaluator,0.0,0.0,0.0,3.0,1.6615384615384616,27,2.0259120356659025E-4,1,"[4248, 4249, 4250, 4251, 4252, 4253, 4254, 4255, 4256, 4257, 4258, 4259, 4260, 4261, 4262, 4263, 4264, 4265, 4266, 4267, 4268, 4269, 4270, 4271, 4272, 4273, 4274]",7.303065929607666,,26,529,56,0.0,0.7499112373510117,0.0,27,27,0,hubLikeDep,4244,smell
jsoup,b5c774d54fa9b76e9a34dd9497f4ede5495e40a7,0,2025-12-08T21:10:06,239.25366541730472,43.544167105949455,65.44536544754553,11.911056511453287,0.0,UNIT,CONCRETE_CLASS,"[org.jsoup.internal.StringUtil, org.jsoup.nodes.Attributes, org.jsoup.helper.DataUtil, org.jsoup.nodes.TextNode, org.jsoup.parser.TreeBuilder, org.jsoup.parser.Tokeniser, org.jsoup.helper.W3CDom, org.jsoup.parser.TagSet, org.jsoup.nodes.DocumentType, org.jsoup.nodes.LeafNode, org.jsoup.parser.XmlTreeBuilder, org.jsoup.parser.Parser, org.jsoup.nodes.NodeUtils, org.jsoup.safety.Cleaner, org.jsoup.select.Evaluator, org.jsoup.nodes.Element, org.jsoup.Connection, org.jsoup.helper.HttpConnection, org.jsoup.nodes.Printer, org.jsoup.parser.StreamParser, org.jsoup.internal.Normalizer, org.jsoup.helper.Validate, org.jsoup.parser.ParseSettings, org.jsoup.nodes.XmlDeclaration, org.jsoup.parser.Tag, org.jsoup.nodes.Node, org.jsoup.nodes.Attribute, org.jsoup.parser.HtmlTreeBuilderState, org.jsoup.nodes.Document, org.jsoup.nodes.Entities, org.jsoup.Jsoup, org.jsoup.nodes.DataNode, org.jsoup.select.Elements, org.jsoup.parser.TokeniserState, org.jsoup.parser.HtmlTreeBuilder, org.jsoup.nodes.FormElement]",0.0,org.jsoup.nodes.Document,0.0,0.0,0.0,2.9444444444444446,1.619047619047619,46,1.9124279526609316E-4,1,"[4282, 4283, 4284, 4285, 4286, 4287, 4288, 4289, 4290, 4291, 4292, 4293, 4294, 4295, 4296, 4297, 4298, 4299, 4300, 4301, 4302, 4303, 4304, 4305, 4306, 4307, 4308, 4309, 4310, 4311, 4312, 4313, 4314, 4315, 4316, 4317, 4318, 4319, 4320, 4321, 4322, 4323, 4324, 4325, 4326, 4327]",7.098546544322656,,36,1136,85,0.2290614236454256,0.785353452498602,0.0,27,46,0,hubLikeDep,4278,smell
jsoup,b5c774d54fa9b76e9a34dd9497f4ede5495e40a7,0,2025-12-08T21:10:06,409.58822619278874,74.54505716708755,90.70256017587862,16.507865952009908,0.0,UNIT,CONCRETE_CLASS,"[org.jsoup.select.NodeEvaluator, org.jsoup.internal.StringUtil, org.jsoup.select.NodeVisitor, org.jsoup.nodes.Attributes, org.jsoup.helper.DataUtil, org.jsoup.select.StructuralEvaluator, org.jsoup.safety.Safelist, org.jsoup.nodes.TextNode, org.jsoup.parser.TreeBuilder, org.jsoup.helper.W3CDom, org.jsoup.nodes.Range, org.jsoup.parser.TagSet, org.jsoup.nodes.PseudoTextElement, org.jsoup.nodes.Comment, org.jsoup.nodes.LeafNode, org.jsoup.parser.XmlTreeBuilder, org.jsoup.parser.Parser, org.jsoup.nodes.NodeUtils, org.jsoup.select.Selector, org.jsoup.safety.Cleaner, org.jsoup.select.CombiningEvaluator, org.jsoup.select.Evaluator, org.jsoup.nodes.Element, org.jsoup.helper.Regex, org.jsoup.select.Nodes, org.jsoup.nodes.Printer, org.jsoup.parser.StreamParser, org.jsoup.internal.Normalizer, org.jsoup.select.NodeTraversor, org.jsoup.nodes.CDataNode, org.jsoup.helper.Validate, org.jsoup.internal.QuietAppendable, org.jsoup.select.Collector, org.jsoup.parser.TokenQueue, org.jsoup.parser.ParseSettings, org.jsoup.select.NodeFilter, org.jsoup.parser.Tag, org.jsoup.nodes.Node, org.jsoup.nodes.NodeIterator, org.jsoup.nodes.Attribute, org.jsoup.parser.HtmlTreeBuilderState, org.jsoup.nodes.Document, org.jsoup.nodes.DataNode, org.jsoup.select.Elements, org.jsoup.parser.HtmlTreeBuilder, org.jsoup.nodes.FormElement]",0.0,org.jsoup.nodes.Element,0.0,0.0,0.0,3.0,1.7681159420289856,54,1.6369389008167256E-4,1,"[4335, 4336, 4337, 4338, 4339, 4340, 4341, 4342, 4343, 4344, 4345, 4346, 4347, 4348, 4349, 4350, 4351, 4352, 4353, 4354, 4355, 4356, 4357, 4358, 4359, 4360, 4361, 4362, 4363, 4364, 4365, 4366, 4367, 4368, 4369, 4370, 4371, 4372, 4373, 4374, 4375, 4376, 4377, 4378, 4379, 4380, 4381, 4382, 4383, 4384, 4385, 4386, 4387, 4388]",6.936198135562661,,46,3487,171,0.0,0.6403107836050586,0.0,27,54,0,hubLikeDep,4331,smell
jsoup,b5c774d54fa9b76e9a34dd9497f4ede5495e40a7,0,2025-12-08T21:10:06,532.9983306327346,97.0056961751577,51.92030576108514,9.449495648517495,1.8,CONTAINER,PACKAGE,"[org.jsoup.nodes, org.jsoup.safety, org.jsoup.helper, org.jsoup.parser, org.jsoup.select, org.jsoup, org.jsoup.internal]",0.85,org.jsoup.nodes,0.95,0.0,0.0,2.857142857142857,1.9047619047619047,11,0.017482517452348235,1,"[4396, 4397, 4398, 4399, 4400, 4401, 4402, 4403, 4404, 4405, 4406]",6.439921344866747,,7,6850,65,0.3499271061118826,0.4259177099999599,0.0,11,11,0,hubLikeDep,4392,smell
jsoup,b5c774d54fa9b76e9a34dd9497f4ede5495e40a7,0,2025-12-08T21:10:06,245.73173699640506,44.723176133345724,45.53712053263268,8.287755936939147,1.0,CONTAINER,PACKAGE,"[org.jsoup.nodes, org.jsoup.safety, org.jsoup.helper, org.jsoup.parser, org.jsoup.select, org.jsoup, org.jsoup.internal]",0.42857142857142855,org.jsoup.helper,0.5714285714285714,0.0,0.0,2.857142857142857,1.9047619047619047,11,0.017482517452348235,1,"[4414, 4415, 4416, 4417, 4418, 4419, 4420, 4421, 4422, 4423, 4424]",6.439921344866747,,7,1456,50,0.3499271061118826,0.4259177099999599,0.0,11,11,0,hubLikeDep,4410,smell
jsoup,b5c774d54fa9b76e9a34dd9497f4ede5495e40a7,0,2025-12-08T21:10:06,33.863001675231125,6.163066304892065,7.389512782626812,1.3448913264380797,0.0,CONTAINER,PACKAGE,"[org.jsoup.nodes, org.jsoup.helper, org.jsoup, org.jsoup.internal]",0.0,org.jsoup.internal,0.0,0.3644064618854535,0.0,2.75,1.6666666666666667,3,0.021069516348469108,1,"[4432, 4433, 4434]",7.389512782626812,,4,21,1,0.4330127018922193,0.7453559924999299,1.0,,,0,unstableDep,4428,smell
jsoup,b5c774d54fa9b76e9a34dd9497f4ede5495e40a7,0,2025-12-08T21:10:06,19.447034263602177,3.539360235975596,5.73461754647363,1.0437003934582008,0.0,UNIT,ABSTRACTION,"[org.jsoup.nodes.TextNode, org.jsoup.nodes.DocumentType, org.jsoup.nodes.Comment, org.jsoup.nodes.DataNode, org.jsoup.nodes.XmlDeclaration, org.jsoup.nodes.LeafNode]",0.0,org.jsoup.nodes.LeafNode,0.0,0.0,0.0,3.0,0.0,5,8.628287273118395E-5,1,"[1193, 1279, 1232, 1404, 1248]",4.054986954622865,,5,23,2,0.0,0.0,0.0,5,,0,wideHierarchy,4438,smell
jsoup,b5c774d54fa9b76e9a34dd9497f4ede5495e40a7,0,2025-12-08T21:10:06,26.206425164539773,4.769569379946239,5.46441738771459,0.9945239645640555,0.0,UNIT,ABSTRACTION,"[org.jsoup.nodes.Node, org.jsoup.nodes.Element, org.jsoup.nodes.Comment, org.jsoup.nodes.LeafNode]",0.0,,0.0,0.0,0.0,3.0,0.0,4,2.0161201090311415E-4,1,"[1220, 1248, 1330, 1373]",3.863926590086666,,4,46,2,0.0,0.0,0.0,,,0,cyclicHierarchy,7301,smell
jsoup,b5c774d54fa9b76e9a34dd9497f4ede5495e40a7,0,2025-12-08T21:10:06,61.07190538352103,11.115086779800828,15.072975030648157,2.7432814555779648,0.0,UNIT,ABSTRACTION,"[org.jsoup.select.NodeEvaluator, org.jsoup.select.Selector, org.jsoup.nodes.Element, org.jsoup.select.Evaluator, org.jsoup.select.QueryParser]",0.0,,0.0,0.0,0.0,3.0,2.0,5,9.763877007345371E-5,1,"[964, 1017, 1061, 1338, 1002]",4.351193095716611,,5,197,12,0.0,0.0,0.0,,,0,cyclicHierarchy,7309,smell
jsoup,b5c774d54fa9b76e9a34dd9497f4ede5495e40a7,0,2025-12-08T21:10:06,6.153753254619348,1.1199830923407212,4.351360656090128,0.7919476394084033,0.0,UNIT,ABSTRACTION,"[org.jsoup.parser.TreeBuilder, org.jsoup.parser.Tokeniser, org.jsoup.parser.XmlTreeBuilder]",0.0,,0.0,0.0,0.0,3.0,2.0,3,6.866313918383181E-5,1,"[576, 227, 412]",4.351360656090128,,3,2,1,0.0,0.0,0.0,,,0,cyclicHierarchy,7318,smell
jsoup,b5c774d54fa9b76e9a34dd9497f4ede5495e40a7,0,2025-12-08T21:10:06,15.82477670292889,2.880109359933058,4.771349701342959,0.8683856456444184,0.0,UNIT,IMPLEMENTATION,"[org.jsoup.nodes.Document, org.jsoup.Connection, org.jsoup.helper.HttpConnection, org.jsoup.nodes.FormElement]",0.0,,0.0,0.0,0.0,2.75,1.0,4,1.4767379693601324E-4,1,"[784, 1289, 1149, 1084]",4.771349701342959,,4,11,1,0.4330127018922193,1.0,0.0,,,0,cyclicHierarchy,7325,smell
jsoup,b5c774d54fa9b76e9a34dd9497f4ede5495e40a7,0,2025-12-08T21:10:06,25.78717563008593,4.693265964675638,5.561405322552581,1.0121757687045698,0.0,UNIT,ABSTRACTION,"[org.jsoup.nodes.Node, org.jsoup.nodes.Element]",0.0,,0.0,0.0,0.0,3.0,0.0,2,2.9771072360480365E-4,1,"[1360, 1373]",3.9325074165038885,,2,43,2,0.0,0.0,0.0,,,0,cyclicHierarchy,7333,smell
jsoup,b5c774d54fa9b76e9a34dd9497f4ede5495e40a7,0,2025-12-08T21:10:06,15.455706360346664,2.812938557583093,3.863926590086666,0.7032346393957732,0.0,UNIT,ABSTRACTION,"[org.jsoup.nodes.Node, org.jsoup.nodes.Document, org.jsoup.nodes.Element, org.jsoup.nodes.FormElement]",0.0,,0.0,0.0,0.0,3.0,0.0,4,2.446887879518966E-4,1,"[1360, 1298, 1149, 1365]",3.863926590086666,,4,16,1,0.0,0.0,0.0,,,0,cyclicHierarchy,7339,smell
jsoup,b5c774d54fa9b76e9a34dd9497f4ede5495e40a7,0,2025-12-08T21:10:06,7.4179922626246535,1.3500745917976869,4.282779829672905,0.7794659290004687,0.0,UNIT,ABSTRACTION,"[org.jsoup.helper.UrlConnectionExecutor, org.jsoup.helper.HttpConnection, org.jsoup.helper.RequestDispatch, org.jsoup.helper.RequestExecutor]",0.0,,0.0,0.0,0.0,3.0,2.0,4,6.391872046612276E-5,1,"[686, 818, 769, 823]",4.282779829672905,,4,3,1,0.0,0.0,0.0,,,0,cyclicHierarchy,7347,smell
jsoup,b5c774d54fa9b76e9a34dd9497f4ede5495e40a7,0,2025-12-08T21:10:06,20.051932054101673,3.6494516338465046,3.9325074165038885,0.7157163498037077,0.0,UNIT,ABSTRACTION,"[org.jsoup.nodes.TextNode, org.jsoup.nodes.Element, org.jsoup.nodes.LeafNode]",0.0,,0.0,0.0,0.0,3.0,0.0,3,1.5655032387352005E-4,1,"[1232, 1326, 1216]",3.9325074165038885,,3,26,1,0.0,0.0,0.0,,,0,cyclicHierarchy,7355,smell
jsoup,b5c774d54fa9b76e9a34dd9497f4ede5495e40a7,0,2025-12-08T21:10:06,60.916703340032555,11.086840007885923,15.072975030648157,2.7432814555779648,0.0,UNIT,ABSTRACTION,"[org.jsoup.select.Selector, org.jsoup.select.CombiningEvaluator, org.jsoup.nodes.Element, org.jsoup.select.Evaluator, org.jsoup.select.QueryParser]",0.0,,0.0,0.0,0.0,3.0,2.0,5,9.833867545990828E-5,1,"[901, 1024, 1061, 1338, 1002]",4.351193095716611,,5,196,12,0.0,0.0,0.0,,,0,cyclicHierarchy,7362,smell
jsoup,b5c774d54fa9b76e9a34dd9497f4ede5495e40a7,0,2025-12-08T21:10:06,18.123422172943304,3.2984628354756813,3.863926590086666,0.7032346393957732,0.0,UNIT,ABSTRACTION,"[org.jsoup.nodes.Node, org.jsoup.nodes.Document, org.jsoup.nodes.XmlDeclaration, org.jsoup.nodes.LeafNode]",0.0,,0.0,0.0,0.0,3.0,0.0,4,2.266862529206321E-4,1,"[1220, 1404, 1160, 1365]",3.863926590086666,,4,22,1,0.0,0.0,0.0,,,0,cyclicHierarchy,7371,smell
jsoup,b5c774d54fa9b76e9a34dd9497f4ede5495e40a7,0,2025-12-08T21:10:06,14.178857131347192,2.580551997905189,3.9325074165038885,0.7157163498037077,0.0,UNIT,CONCRETE_CLASS,"[org.jsoup.nodes.Element, org.jsoup.nodes.Document, org.jsoup.nodes.FormElement]",0.0,,0.0,0.0,0.0,3.0,0.0,3,2.0486591847382476E-4,1,"[1298, 1149, 1324]",3.9325074165038885,,3,13,1,0.0,0.0,0.0,,,0,cyclicHierarchy,7379,smell
jsoup,b5c774d54fa9b76e9a34dd9497f4ede5495e40a7,0,2025-12-08T21:10:06,15.455706360346664,2.812938557583093,5.46441738771459,0.9945239645640555,0.0,UNIT,ABSTRACTION,"[org.jsoup.nodes.Node, org.jsoup.nodes.TextNode, org.jsoup.nodes.LeafNode, org.jsoup.nodes.Printer]",0.0,,0.0,0.0,0.0,3.0,0.0,4,1.6652206389859331E-4,1,"[1220, 1232, 1390, 1376]",3.863926590086666,,4,16,2,0.0,0.0,0.0,,,0,cyclicHierarchy,7386,smell
jsoup,b5c774d54fa9b76e9a34dd9497f4ede5495e40a7,0,2025-12-08T21:10:06,7.865014833007777,1.4314326996074154,3.9325074165038885,0.7157163498037077,0.0,UNIT,ABSTRACTION,"[org.jsoup.nodes.Element, org.jsoup.nodes.Comment, org.jsoup.nodes.LeafNode]",0.0,,0.0,0.0,0.0,3.0,0.0,3,1.474302157421148E-4,1,"[1248, 1330, 1216]",3.9325074165038885,,3,4,1,0.0,0.0,0.0,,,0,cyclicHierarchy,7394,smell
jsoup,b5c774d54fa9b76e9a34dd9497f4ede5495e40a7,0,2025-12-08T21:10:06,7.727853180173332,1.4064692787915465,3.863926590086666,0.7032346393957732,0.0,UNIT,ABSTRACTION,"[org.jsoup.nodes.TextNode, org.jsoup.nodes.Element, org.jsoup.nodes.LeafNode, org.jsoup.nodes.CDataNode]",0.0,,0.0,0.0,0.0,3.0,0.0,4,1.295021193488403E-4,1,"[1232, 1182, 1325, 1216]",3.863926590086666,,4,4,1,0.0,0.0,0.0,,,0,cyclicHierarchy,7401,smell
jsoup,b5c774d54fa9b76e9a34dd9497f4ede5495e40a7,0,2025-12-08T21:10:06,27.04748613060666,4.922642475770412,5.46441738771459,0.9945239645640555,0.0,UNIT,ABSTRACTION,"[org.jsoup.nodes.Node, org.jsoup.nodes.TextNode, org.jsoup.nodes.Element, org.jsoup.nodes.CDataNode]",0.0,,0.0,0.0,0.0,3.0,0.0,4,1.846059661111983E-4,1,"[1182, 1325, 1373, 1228]",3.863926590086666,,4,49,2,0.0,0.0,0.0,,,0,cyclicHierarchy,7409,smell
jsoup,b5c774d54fa9b76e9a34dd9497f4ede5495e40a7,0,2025-12-08T21:10:06,61.07190538352103,11.115086779800828,15.072975030648157,2.7432814555779648,0.0,UNIT,ABSTRACTION,"[org.jsoup.select.StructuralEvaluator, org.jsoup.select.Selector, org.jsoup.nodes.Element, org.jsoup.select.Evaluator, org.jsoup.select.QueryParser]",0.0,,0.0,0.0,0.0,3.0,2.0,5,9.763877007345371E-5,1,"[934, 1025, 1061, 1338, 1002]",4.351193095716611,,5,197,12,0.0,0.0,0.0,,,0,cyclicHierarchy,7417,smell
jsoup,b5c774d54fa9b76e9a34dd9497f4ede5495e40a7,0,2025-12-08T21:10:06,55.00583284653736,10.011061578069798,14.559795030437925,2.6498826955397026,0.0,UNIT,ABSTRACTION,"[org.jsoup.nodes.Node, org.jsoup.nodes.Document, org.jsoup.select.Elements, org.jsoup.select.Nodes]",0.0,,0.0,0.0,0.0,3.0,1.6666666666666667,4,2.113211851818056E-4,1,"[1053, 1157, 1365, 906]",4.38994337640398,,4,157,11,0.0,0.7453559924999299,0.0,,,0,cyclicHierarchy,7426,smell
jsoup,b5c774d54fa9b76e9a34dd9497f4ede5495e40a7,0,2025-12-08T21:10:06,26.751145216927213,4.868708429480752,6.305305395798436,1.1475655820353154,0.0,UNIT,ABSTRACTION,"[org.jsoup.nodes.Element, org.jsoup.select.Evaluator, org.jsoup.nodes.PseudoTextElement]",0.0,,0.0,0.0,0.0,3.0,1.3333333333333333,3,1.2797693353762532E-4,1,"[1175, 992, 1334]",4.458524202821202,,3,36,2,0.0,0.9428090415820634,0.0,,,0,cyclicHierarchy,7434,smell
jsoup,b5c774d54fa9b76e9a34dd9497f4ede5495e40a7,0,2025-12-08T21:10:06,22.187672896083463,4.03815646708719,14.431830623765654,2.626593173525349,0.0,UNIT,ABSTRACTION,"[org.jsoup.parser.TreeBuilder, org.jsoup.parser.Parser, org.jsoup.parser.HtmlTreeBuilder]",0.0,,0.0,0.0,0.0,3.0,2.0,3,1.1134472420059054E-4,1,"[489, 523, 425]",4.351360656090128,,3,26,11,0.0,0.0,0.0,,,0,cyclicHierarchy,7441,smell
jsoup,b5c774d54fa9b76e9a34dd9497f4ede5495e40a7,0,2025-12-08T21:10:06,14.45748946775002,2.631263083130504,3.863926590086666,0.7032346393957732,0.0,UNIT,ABSTRACTION,"[org.jsoup.nodes.Node, org.jsoup.nodes.Document, org.jsoup.nodes.DocumentType, org.jsoup.nodes.LeafNode]",0.0,,0.0,0.0,0.0,3.0,0.0,4,2.2782375130352391E-4,1,"[1220, 1193, 1143, 1365]",3.863926590086666,,4,14,1,0.0,0.0,0.0,,,0,cyclicHierarchy,7448,smell
jsoup,b5c774d54fa9b76e9a34dd9497f4ede5495e40a7,0,2025-12-08T21:10:06,13.622605293052318,2.479314163335522,3.9325074165038885,0.7157163498037077,0.0,UNIT,ABSTRACTION,"[org.jsoup.nodes.Node, org.jsoup.nodes.Element, org.jsoup.nodes.Document]",0.0,,0.0,0.0,0.0,3.0,0.0,3,3.067309564782468E-4,1,"[1360, 1161, 1365]",3.9325074165038885,,3,12,1,0.0,0.0,0.0,,,0,cyclicHierarchy,7456,smell
jsoup,b5c774d54fa9b76e9a34dd9497f4ede5495e40a7,0,2025-12-08T21:10:06,13.622605293052318,2.479314163335522,3.9325074165038885,0.7157163498037077,0.0,UNIT,ABSTRACTION,"[org.jsoup.nodes.Node, org.jsoup.nodes.Document, org.jsoup.nodes.LeafNode]",0.0,,0.0,0.0,0.0,3.0,0.0,3,2.775569426493086E-4,1,"[1220, 1144, 1365]",3.9325074165038885,,3,12,1,0.0,0.0,0.0,,,0,cyclicHierarchy,7463,smell
jsoup,b5c774d54fa9b76e9a34dd9497f4ede5495e40a7,0,2025-12-08T21:10:06,11.122810645105162,2.0243515374091396,3.9325074165038885,0.7157163498037077,0.0,UNIT,ABSTRACTION,"[org.jsoup.nodes.Element, org.jsoup.nodes.DataNode, org.jsoup.nodes.LeafNode]",0.0,,0.0,0.0,0.0,3.0,0.0,3,1.447778092277574E-4,1,"[1279, 1345, 1216]",3.9325074165038885,,3,8,1,0.0,0.0,0.0,,,0,cyclicHierarchy,7470,smell
jsoup,b5c774d54fa9b76e9a34dd9497f4ede5495e40a7,0,2025-12-08T21:10:06,11.797522249511665,2.1471490494111234,3.9325074165038885,0.7157163498037077,0.0,UNIT,CONCRETE_CLASS,"[org.jsoup.nodes.Element, org.jsoup.nodes.Document]",0.0,,0.0,0.0,0.0,3.0,0.0,2,2.780177365243141E-4,1,"[1161, 1324]",3.9325074165038885,,2,9,1,0.0,0.0,0.0,,,0,cyclicHierarchy,7477,smell
jsoup,b5c774d54fa9b76e9a34dd9497f4ede5495e40a7,0,2025-12-08T21:10:06,10.92110930276108,1.9876418931025166,4.458524202821202,0.8114514049134588,0.0,UNIT,ABSTRACTION,"[org.jsoup.select.NodeVisitor, org.jsoup.nodes.Node, org.jsoup.nodes.Printer]",0.0,,0.0,0.0,0.0,3.0,1.3333333333333333,3,1.7794827014397643E-4,1,"[1393, 1376, 947]",4.458524202821202,,3,6,1,0.0,0.9428090415820634,0.0,,,0,cyclicHierarchy,7483,smell
jsoup,b5c774d54fa9b76e9a34dd9497f4ede5495e40a7,0,2025-12-08T21:10:06,27.322086938572948,4.972619822820277,5.46441738771459,0.9945239645640555,0.0,UNIT,ABSTRACTION,"[org.jsoup.nodes.Node, org.jsoup.nodes.Element, org.jsoup.nodes.DataNode, org.jsoup.nodes.LeafNode]",0.0,,0.0,0.0,0.0,3.0,0.0,4,1.9962270601734614E-4,1,"[1220, 1279, 1345, 1373]",3.863926590086666,,4,50,2,0.0,0.0,0.0,,,0,cyclicHierarchy,7490,smell
jsoup,b5c774d54fa9b76e9a34dd9497f4ede5495e40a7,0,2025-12-08T21:10:06,36.99400285016136,6.732908518729368,8.324301002707879,1.515022782492834,0.0,UNIT,ABSTRACTION,"[org.jsoup.nodes.Node, org.jsoup.nodes.Element, org.jsoup.select.Evaluator, org.jsoup.nodes.PseudoTextElement]",0.0,,0.0,0.0,0.0,3.0,1.0,5,1.8702204924974703E-4,1,"[1360, 1175, 992, 1334, 1373]",4.162150501353939,,4,79,4,0.0,1.0,0.0,,,0,cyclicHierarchy,7498,smell
jsoup,b5c774d54fa9b76e9a34dd9497f4ede5495e40a7,0,2025-12-08T21:10:06,4.351360656090128,0.7919476394084033,4.351360656090128,0.7919476394084033,0.0,UNIT,CONCRETE_CLASS,"[org.jsoup.helper.Re2jRegex, org.jsoup.helper.Regex]",0.0,,0.0,0.0,0.0,3.0,2.0,2,6.794323545228128E-5,1,"[829, 719]",4.351360656090128,,2,1,1,0.0,0.0,0.0,,,0,cyclicHierarchy,7506,smell
jsoup,b5c774d54fa9b76e9a34dd9497f4ede5495e40a7,0,2025-12-08T21:10:06,12.815194716794844,2.3323654384566614,3.863926590086666,0.7032346393957732,0.0,UNIT,ABSTRACTION,"[org.jsoup.nodes.Attributes, org.jsoup.nodes.Document, org.jsoup.nodes.DocumentType, org.jsoup.nodes.LeafNode]",0.0,,0.0,0.0,0.0,3.0,0.0,4,2.1550912559114703E-4,1,"[1193, 1143, 1265, 1215]",3.863926590086666,,4,11,1,0.0,0.0,0.0,,,0,cyclicHierarchy,7512,smell
jsoup,b5c774d54fa9b76e9a34dd9497f4ede5495e40a7,0,2025-12-08T21:10:06,7.2326062080780495,1.316334329870205,7.2326062080780495,1.316334329870205,0.0,CONTAINER,PACKAGE,"[org.jsoup, org.jsoup.internal]",0.0,,0.0,0.0,0.0,2.5,2.0,2,0.018875294878899017,1,"[1597, 1574]",7.2326062080780495,,2,0,0,0.5,0.0,0.0,,,0,layeredCycle,7587,smell
jsoup,b5c774d54fa9b76e9a34dd9497f4ede5495e40a7,0,2025-12-08T21:10:06,7.2326062080780495,1.316334329870205,7.2326062080780495,1.316334329870205,0.0,CONTAINER,PACKAGE,"[org.jsoup.helper, org.jsoup]",0.0,,0.0,0.0,0.0,2.5,2.0,2,0.01990252990732049,1,"[1595, 1585]",7.2326062080780495,,2,0,0,0.5,0.0,0.0,,,0,layeredCycle,7605,smell
jsoup,b5c774d54fa9b76e9a34dd9497f4ede5495e40a7,0,2025-12-08T21:10:06,7.109959109585558,1.2940125579445716,7.109959109585558,1.2940125579445716,0.0,CONTAINER,PACKAGE,"[org.jsoup.nodes, org.jsoup]",0.0,,0.0,0.0,0.0,2.5,0.0,2,0.01990252990732049,1,"[1594, 1599]",7.109959109585558,,2,0,0,0.5,0.0,0.0,,,0,layeredCycle,7628,smell
jsoup,b5c774d54fa9b76e9a34dd9497f4ede5495e40a7,0,2025-12-08T21:10:06,5.736760930219734,1.0440904892999916,5.736760930219734,1.0440904892999916,0.0,CONTAINER,PACKAGE,"[org.jsoup.helper, org.jsoup.internal]",0.0,,0.0,0.0,0.0,3.0,2.0,2,0.02223650278961772,1,"[1587, 1573]",5.736760930219734,,2,0,0,0.0,0.0,0.0,,,0,layeredCycle,7644,smell
jsoup,b5c774d54fa9b76e9a34dd9497f4ede5495e40a7,0,2025-12-08T21:10:06,5.736760930219734,1.0440904892999916,5.736760930219734,1.0440904892999916,0.0,CONTAINER,PACKAGE,"[org.jsoup.helper, org.jsoup.select]",0.0,,0.0,0.0,0.0,3.0,2.0,2,0.019218372641987357,1,"[1589, 1592]",5.736760930219734,,2,0,0,0.0,0.0,0.0,,,0,layeredCycle,7670,smell
jsoup,b5c774d54fa9b76e9a34dd9497f4ede5495e40a7,0,2025-12-08T21:10:06,5.736760930219734,1.0440904892999916,5.736760930219734,1.0440904892999916,0.0,CONTAINER,PACKAGE,"[org.jsoup.helper, org.jsoup.parser]",0.0,,0.0,0.0,0.0,3.0,2.0,2,0.020377937463423798,1,"[1586, 1577]",5.736760930219734,,2,0,0,0.0,0.0,0.0,,,0,layeredCycle,7694,smell
jsoup,b5c774d54fa9b76e9a34dd9497f4ede5495e40a7,0,2025-12-08T21:10:06,5.736760930219734,1.0440904892999916,5.736760930219734,1.0440904892999916,0.0,CONTAINER,PACKAGE,"[org.jsoup.nodes, org.jsoup.helper]",0.0,,0.0,0.0,0.0,3.0,2.0,2,0.0232637378180392,1,"[1588, 1602]",5.736760930219734,,2,0,0,0.0,0.0,0.0,,,0,layeredCycle,7723,smell
jsoup,b5c774d54fa9b76e9a34dd9497f4ede5495e40a7,0,2025-12-08T21:10:06,6.969910415949801,1.2685236957028638,6.969910415949801,1.2685236957028638,0.0,CONTAINER,PACKAGE,"[org.jsoup.safety, org.jsoup.helper, org.jsoup]",0.0,,0.0,0.0,0.0,2.6666666666666665,2.0,3,0.015079824004152762,1,"[1598, 1585, 1582]",6.969910415949801,,3,0,0,0.4714045207910317,0.0,0.0,,,0,layeredCycle,7755,smell
jsoup,b5c774d54fa9b76e9a34dd9497f4ede5495e40a7,0,2025-12-08T21:10:06,5.736760930219734,1.0440904892999916,5.736760930219734,1.0440904892999916,0.0,CONTAINER,PACKAGE,"[org.jsoup.nodes, org.jsoup.internal]",0.0,,0.0,0.0,0.0,3.0,2.0,2,0.02223650278961772,1,"[1575, 1600]",5.736760930219734,,2,0,0,0.0,0.0,0.0,,,0,layeredCycle,7783,smell
jsoup,b5c774d54fa9b76e9a34dd9497f4ede5495e40a7,0,2025-12-08T21:10:06,5.736760930219734,1.0440904892999916,5.736760930219734,1.0440904892999916,0.0,CONTAINER,PACKAGE,"[org.jsoup.helper, org.jsoup.select, org.jsoup.internal]",0.0,,0.0,0.0,0.0,3.0,2.0,3,0.01988200434839032,1,"[1589, 1573, 1591]",5.736760930219734,,3,0,0,0.0,0.0,0.0,,,0,layeredCycle,7816,smell
jsoup,b5c774d54fa9b76e9a34dd9497f4ede5495e40a7,0,2025-12-08T21:10:06,5.736760930219734,1.0440904892999916,5.736760930219734,1.0440904892999916,0.0,CONTAINER,PACKAGE,"[org.jsoup.helper, org.jsoup.parser, org.jsoup.internal]",0.0,,0.0,0.0,0.0,3.0,2.0,3,0.020655047562681283,1,"[1586, 1573, 1578]",5.736760930219734,,3,0,0,0.0,0.0,0.0,,,0,layeredCycle,7855,smell
jsoup,b5c774d54fa9b76e9a34dd9497f4ede5495e40a7,0,2025-12-08T21:10:06,6.969910415949801,1.2685236957028638,6.969910415949801,1.2685236957028638,0.0,CONTAINER,PACKAGE,"[org.jsoup.safety, org.jsoup, org.jsoup.internal]",0.0,,0.0,0.0,0.0,2.6666666666666665,2.0,3,0.014395000651871779,1,"[1598, 1574, 1581]",6.969910415949801,,3,0,0,0.4714045207910317,0.0,0.0,,,0,layeredCycle,7897,smell
jsoup,b5c774d54fa9b76e9a34dd9497f4ede5495e40a7,0,2025-12-08T21:10:06,5.736760930219734,1.0440904892999916,5.736760930219734,1.0440904892999916,0.0,CONTAINER,PACKAGE,"[org.jsoup.nodes, org.jsoup.select]",0.0,,0.0,0.0,0.0,3.0,2.0,2,0.019218372641987357,1,"[1603, 1590]",5.736760930219734,,2,0,0,0.0,0.0,0.0,,,0,layeredCycle,7920,smell
jsoup,b5c774d54fa9b76e9a34dd9497f4ede5495e40a7,0,2025-12-08T21:10:06,5.736760930219734,1.0440904892999916,5.736760930219734,1.0440904892999916,0.0,CONTAINER,PACKAGE,"[org.jsoup.nodes, org.jsoup.parser]",0.0,,0.0,0.0,0.0,3.0,2.0,2,0.020377937463423798,1,"[1601, 1576]",5.736760930219734,,2,0,0,0.0,0.0,0.0,,,0,layeredCycle,7959,smell
jsoup,b5c774d54fa9b76e9a34dd9497f4ede5495e40a7,0,2025-12-08T21:10:06,7.465663310020592,1.3587507224237476,7.465663310020592,1.3587507224237476,0.0,CONTAINER,PACKAGE,"[org.jsoup.nodes, org.jsoup.safety, org.jsoup]",0.0,,0.0,0.0,0.0,2.6666666666666665,1.3333333333333333,3,0.015079824004152762,1,"[1598, 1599, 1580]",7.465663310020592,,3,0,0,0.4714045207910317,0.9428090415820634,0.0,,,0,layeredCycle,8003,smell
jsoup,b5c774d54fa9b76e9a34dd9497f4ede5495e40a7,0,2025-12-08T21:10:06,5.736760930219734,1.0440904892999916,5.736760930219734,1.0440904892999916,0.0,CONTAINER,PACKAGE,"[org.jsoup.parser, org.jsoup.select]",0.0,,0.0,0.0,0.0,3.0,2.0,2,0.016332572287371956,1,"[1579, 1593]",5.736760930219734,,2,0,0,0.0,0.0,0.0,,,0,layeredCycle,8029,smell
jsoup,b5c774d54fa9b76e9a34dd9497f4ede5495e40a7,0,2025-12-08T21:10:06,6.969910415949801,1.2685236957028638,6.969910415949801,1.2685236957028638,0.0,CONTAINER,PACKAGE,"[org.jsoup.parser, org.jsoup, org.jsoup.internal]",0.0,,0.0,0.0,0.0,2.6666666666666665,2.0,3,0.01841424228886881,1,"[1574, 1578, 1596]",6.969910415949801,,3,0,0,0.4714045207910317,0.0,0.0,,,0,layeredCycle,8052,smell
jsoup,b5c774d54fa9b76e9a34dd9497f4ede5495e40a7,0,2025-12-08T21:10:06,6.468439668327729,1.1772560196356467,6.468439668327729,1.1772560196356467,0.0,CONTAINER,PACKAGE,"[org.jsoup.safety, org.jsoup.parser, org.jsoup, org.jsoup.internal]",0.0,,0.0,0.0,0.0,2.75,2.0,4,0.015169284766105934,1,"[1598, 1574, 1578, 1584]",6.468439668327729,,4,0,0,0.4330127018922193,0.0,0.0,,,0,layeredCycle,8088,smell
jsoup,b5c774d54fa9b76e9a34dd9497f4ede5495e40a7,0,2025-12-08T21:10:06,6.468439668327729,1.1772560196356467,6.468439668327729,1.1772560196356467,0.0,CONTAINER,PACKAGE,"[org.jsoup.safety, org.jsoup.select, org.jsoup, org.jsoup.internal]",0.0,,0.0,0.0,0.0,2.75,2.0,4,0.014589502355387713,1,"[1598, 1574, 1591, 1583]",6.468439668327729,,4,0,0,0.4330127018922193,0.0,0.0,,,0,layeredCycle,8129,smell
jsoup,b5c774d54fa9b76e9a34dd9497f4ede5495e40a7,0,2025-12-08T21:10:06,6.36389312093595,1.158228548010343,6.36389312093595,1.158228548010343,0.0,UNIT,ENUM,"[org.jsoup.parser.ParseError, org.jsoup.parser.TreeBuilder, org.jsoup.parser.TagSet, org.jsoup.parser.Tokeniser, org.jsoup.parser.Token, org.jsoup.parser.ParseErrorList, org.jsoup.parser.XmlTreeBuilder, org.jsoup.parser.Tag, org.jsoup.parser.Parser, org.jsoup.parser.HtmlTreeBuilderState, org.jsoup.parser.CharacterReader, org.jsoup.parser.TokeniserState, org.jsoup.parser.HtmlTreeBuilder]",0.0,,0.0,0.0,0.0,3.0,2.0,13,9.621167161866937E-5,1,"[546, 499, 369, 352, 480, 528, 417, 494, 157, 176, 400, 384, 293]",6.36389312093595,,13,0,0,0.0,0.0,0.0,,,0,layeredCycle,8164,smell
jsoup,b5c774d54fa9b76e9a34dd9497f4ede5495e40a7,0,2025-12-08T21:10:06,4.254399531935027,0.7743007148121749,4.254399531935027,0.7743007148121749,0.0,UNIT,IMPLEMENTATION,"[org.jsoup.select.NodeVisitor, org.jsoup.select.Selector, org.jsoup.select.Collector, org.jsoup.select.NodeFilter, org.jsoup.select.Elements, org.jsoup.select.QueryParser, org.jsoup.select.NodeTraversor]",0.0,,0.0,0.0,0.0,3.0,2.0,7,8.202549316380737E-5,1,"[1024, 1058, 945, 979, 1034, 1045, 882]",4.254399531935027,,7,0,0,0.0,0.0,0.0,,,0,layeredCycle,8197,smell
jsoup,b5c774d54fa9b76e9a34dd9497f4ede5495e40a7,0,2025-12-08T21:10:06,7.095020300146634,1.2912936946266873,7.095020300146634,1.2912936946266873,0.0,UNIT,ABSTRACTION,"[org.jsoup.nodes.Attributes, org.jsoup.nodes.TextNode, org.jsoup.nodes.Range, org.jsoup.nodes.DocumentType, org.jsoup.nodes.Comment, org.jsoup.nodes.LeafNode, org.jsoup.nodes.XmlDeclaration, org.jsoup.nodes.Node, org.jsoup.nodes.NodeIterator, org.jsoup.nodes.NodeUtils, org.jsoup.nodes.Attribute, org.jsoup.nodes.Element, org.jsoup.nodes.Document, org.jsoup.nodes.Entities, org.jsoup.nodes.DataNode, org.jsoup.nodes.Printer, org.jsoup.nodes.CDataNode, org.jsoup.nodes.FormElement]",0.0,,0.0,0.0,0.0,3.0,0.0,18,1.3549936911702045E-4,1,"[1284, 1276, 1398, 1243, 1238, 1382, 1166, 1204, 1376, 1312, 1225, 1180, 1344, 1216, 1187, 1152, 1265, 1253]",7.095020300146634,,18,0,0,0.0,0.0,0.0,,,0,layeredCycle,8218,smell
jsoup,b5c774d54fa9b76e9a34dd9497f4ede5495e40a7,0,2025-12-08T21:10:06,5.072403179479856,0.9231773786653339,5.072403179479856,0.9231773786653339,0.0,UNIT,CONCRETE_CLASS,"[org.jsoup.helper.Validate, org.jsoup.helper.ValidationException]",0.0,,0.0,0.0,0.0,3.0,2.0,2,0.002366234188360587,1,"[789, 834]",5.072403179479856,,2,0,0,0.0,0.0,0.0,,,0,layeredCycle,8261,smell
jsoup,b5c774d54fa9b76e9a34dd9497f4ede5495e40a7,0,2025-12-08T21:10:06,4.351193095716611,0.7919171434204232,4.351193095716611,0.7919171434204232,0.0,UNIT,ABSTRACTION,"[org.jsoup.helper.UrlConnectionExecutor, org.jsoup.helper.CookieUtil, org.jsoup.helper.HttpConnection, org.jsoup.helper.RequestDispatch, org.jsoup.helper.RequestExecutor]",0.0,,0.0,0.0,0.0,3.0,2.0,5,6.0573051521728166E-5,1,"[660, 823, 817, 769, 692]",4.351193095716611,,5,0,0,0.0,0.0,0.0,,,0,layeredCycle,8272,smell
