project,smell,package,class,prompt_file,context_size,label
byte-buddy,God Component,(default package),,data/processed/prompts/god_component/byte-buddy/(default package).txt,2843,0
byte-buddy,God Component,com.service.definition,,data/processed/prompts/god_component/byte-buddy/com_service_definition.txt,384,0
byte-buddy,God Component,com.service.usage,,data/processed/prompts/god_component/byte-buddy/com_service_usage.txt,406,0
byte-buddy,God Component,com.service.usage2,,data/processed/prompts/god_component/byte-buddy/com_service_usage2.txt,409,0
byte-buddy,God Component,net.bytebuddy.benchmark,,data/processed/prompts/god_component/byte-buddy/net_bytebuddy_benchmark.txt,30399,0
byte-buddy,God Component,net.bytebuddy.benchmark.runner,,data/processed/prompts/god_component/byte-buddy/net_bytebuddy_benchmark_runner.txt,783,0
byte-buddy,God Component,net.bytebuddy.benchmark.specimen,,data/processed/prompts/god_component/byte-buddy/net_bytebuddy_benchmark_specimen.txt,2684,0
byte-buddy,God Component,net.bytebuddy.build.gradle,,data/processed/prompts/god_component/byte-buddy/net_bytebuddy_build_gradle.txt,76713,1
byte-buddy,God Component,net.bytebuddy.description,,data/processed/prompts/god_component/byte-buddy/net_bytebuddy_description.txt,70663,0
byte-buddy,God Component,net.bytebuddy.description.enumeration,,data/processed/prompts/god_component/byte-buddy/net_bytebuddy_description_enumeration.txt,4884,0
byte-buddy,God Component,net.bytebuddy.description.field,,data/processed/prompts/god_component/byte-buddy/net_bytebuddy_description_field.txt,56792,1
byte-buddy,God Component,net.bytebuddy.description.modifier,,data/processed/prompts/god_component/byte-buddy/net_bytebuddy_description_modifier.txt,30345,1
byte-buddy,God Component,net.bytebuddy.dynamic.scaffold.inline,,data/processed/prompts/god_component/byte-buddy/net_bytebuddy_dynamic_scaffold_inline.txt,53375,1
byte-buddy,God Component,net.bytebuddy.dynamic.scaffold.subclass,,data/processed/prompts/god_component/byte-buddy/net_bytebuddy_dynamic_scaffold_subclass.txt,23285,0
byte-buddy,God Component,net.bytebuddy.implementation.bytecode,,data/processed/prompts/god_component/byte-buddy/net_bytebuddy_implementation_bytecode.txt,31273,1
byte-buddy,God Component,net.bytebuddy.implementation.bytecode.assign,,data/processed/prompts/god_component/byte-buddy/net_bytebuddy_implementation_bytecode_assign.txt,6036,0
byte-buddy,God Component,net.bytebuddy.implementation.bytecode.assign.primitive,,data/processed/prompts/god_component/byte-buddy/net_bytebuddy_implementation_bytecode_assign_primitive.txt,27967,1
byte-buddy,God Component,net.bytebuddy.implementation.bytecode.assign.reference,,data/processed/prompts/god_component/byte-buddy/net_bytebuddy_implementation_bytecode_assign_reference.txt,25524,0
byte-buddy,God Component,net.bytebuddy.implementation.bytecode.collection,,data/processed/prompts/god_component/byte-buddy/net_bytebuddy_implementation_bytecode_collection.txt,16681,0
byte-buddy,God Component,net.bytebuddy.implementation.bytecode.constant,,data/processed/prompts/god_component/byte-buddy/net_bytebuddy_implementation_bytecode_constant.txt,51350,1
byte-buddy,God Component,net.bytebuddy.implementation.bytecode.member,,data/processed/prompts/god_component/byte-buddy/net_bytebuddy_implementation_bytecode_member.txt,66803,1
byte-buddy,God Component,net.bytebuddy.matcher,,data/processed/prompts/god_component/byte-buddy/net_bytebuddy_matcher.txt,89197,1
byte-buddy,God Component,net.bytebuddy.utility.privilege,,data/processed/prompts/god_component/byte-buddy/net_bytebuddy_utility_privilege.txt,1364,0
byte-buddy,God Component,net.bytebuddy.utility.visitor,,data/processed/prompts/god_component/byte-buddy/net_bytebuddy_utility_visitor.txt,11398,0
byte-buddy,God Component,org.gradle.api.file,,data/processed/prompts/god_component/byte-buddy/org_gradle_api_file.txt,898,0
byte-buddy,God Component,org.gradle.api.provider,,data/processed/prompts/god_component/byte-buddy/org_gradle_api_provider.txt,541,0
byte-buddy,God Component,org.gradle.api.tasks,,data/processed/prompts/god_component/byte-buddy/org_gradle_api_tasks.txt,526,0
byte-buddy,God Component,org.gradle.work,,data/processed/prompts/god_component/byte-buddy/org_gradle_work.txt,1000,0
commons-io,God Component,org.apache.commons.io.channels,,data/processed/prompts/god_component/commons-io/org_apache_commons_io_channels.txt,6061,0
commons-io,God Component,org.apache.commons.io.charset,,data/processed/prompts/god_component/commons-io/org_apache_commons_io_charset.txt,1094,0
commons-io,God Component,org.apache.commons.io.comparator,,data/processed/prompts/god_component/commons-io/org_apache_commons_io_comparator.txt,8916,0
commons-io,God Component,org.apache.commons.io.file,,data/processed/prompts/god_component/commons-io/org_apache_commons_io_file.txt,88937,1
commons-io,God Component,org.apache.commons.io.file.attribute,,data/processed/prompts/god_component/commons-io/org_apache_commons_io_file_attribute.txt,3706,0
commons-io,God Component,org.apache.commons.io.file.spi,,data/processed/prompts/god_component/commons-io/org_apache_commons_io_file_spi.txt,1069,0
commons-io,God Component,org.apache.commons.io.filefilter,,data/processed/prompts/god_component/commons-io/org_apache_commons_io_filefilter.txt,43505,1
commons-io,God Component,org.apache.commons.io.function,,data/processed/prompts/god_component/commons-io/org_apache_commons_io_function.txt,30697,1
commons-io,God Component,org.apache.commons.io.input.buffer,,data/processed/prompts/god_component/commons-io/org_apache_commons_io_input_buffer.txt,4384,0
commons-io,God Component,org.apache.commons.io.monitor,,data/processed/prompts/god_component/commons-io/org_apache_commons_io_monitor.txt,14121,0
commons-io,God Component,org.apache.commons.io.output,,data/processed/prompts/god_component/commons-io/org_apache_commons_io_output.txt,86828,1
commons-io,God Component,org.apache.commons.io.serialization,,data/processed/prompts/god_component/commons-io/org_apache_commons_io_serialization.txt,10796,0
commons-lang,God Component,org.apache.commons.lang3.arch,,data/processed/prompts/god_component/commons-lang/org_apache_commons_lang3_arch.txt,4820,0
commons-lang,God Component,org.apache.commons.lang3.compare,,data/processed/prompts/god_component/commons-lang/org_apache_commons_lang3_compare.txt,5445,0
commons-lang,God Component,org.apache.commons.lang3.concurrent,,data/processed/prompts/god_component/commons-lang/org_apache_commons_lang3_concurrent.txt,86702,1
commons-lang,God Component,org.apache.commons.lang3.concurrent.locks,,data/processed/prompts/god_component/commons-lang/org_apache_commons_lang3_concurrent_locks.txt,56383,0
commons-lang,God Component,org.apache.commons.lang3.event,,data/processed/prompts/god_component/commons-lang/org_apache_commons_lang3_event.txt,8254,0
commons-lang,God Component,org.apache.commons.lang3.exception,,data/processed/prompts/god_component/commons-lang/org_apache_commons_lang3_exception.txt,17962,0
commons-lang,God Component,org.apache.commons.lang3.function,,data/processed/prompts/god_component/commons-lang/org_apache_commons_lang3_function.txt,41399,1
commons-lang,God Component,org.apache.commons.lang3.math,,data/processed/prompts/god_component/commons-lang/org_apache_commons_lang3_math.txt,26660,0
commons-lang,God Component,org.apache.commons.lang3.mutable,,data/processed/prompts/god_component/commons-lang/org_apache_commons_lang3_mutable.txt,19018,0
commons-lang,God Component,org.apache.commons.lang3.stream,,data/processed/prompts/god_component/commons-lang/org_apache_commons_lang3_stream.txt,35027,0
commons-lang,God Component,org.apache.commons.lang3.text.translate,,data/processed/prompts/god_component/commons-lang/org_apache_commons_lang3_text_translate.txt,19093,0
commons-lang,God Component,org.apache.commons.lang3.tuple,,data/processed/prompts/god_component/commons-lang/org_apache_commons_lang3_tuple.txt,9569,0
commons-lang,God Component,org.apache.commons.lang3.util,,data/processed/prompts/god_component/commons-lang/org_apache_commons_lang3_util.txt,6464,0
google-java-format,God Component,com.google.googlejavaformat,,data/processed/prompts/god_component/google-java-format/com_google_googlejavaformat.txt,82548,1
google-java-format,God Component,com.google.googlejavaformat.intellij,,data/processed/prompts/god_component/google-java-format/com_google_googlejavaformat_intellij.txt,7937,0
google-java-format,God Component,com.google.googlejavaformat.java.filer,,data/processed/prompts/god_component/google-java-format/com_google_googlejavaformat_java_filer.txt,1714,0
google-java-format,God Component,com.google.googlejavaformat.java.javadoc,,data/processed/prompts/god_component/google-java-format/com_google_googlejavaformat_java_javadoc.txt,26451,0
gson,God Component,com.example,,data/processed/prompts/god_component/gson/com_example.txt,14543,1
gson,God Component,com.google.gson,,data/processed/prompts/god_component/gson/com_google_gson.txt,81567,1
gson,God Component,com.google.gson.extras.examples.rawcollections,,data/processed/prompts/god_component/gson/com_google_gson_extras_examples_rawcollections.txt,1148,0
gson,God Component,com.google.gson.graph,,data/processed/prompts/god_component/gson/com_google_gson_graph.txt,11188,0
gson,God Component,com.google.gson.interceptors,,data/processed/prompts/god_component/gson/com_google_gson_interceptors.txt,1448,0
gson,God Component,com.google.gson.internal,,data/processed/prompts/god_component/gson/com_google_gson_internal.txt,71343,1
gson,God Component,com.google.gson.internal.bind,,data/processed/prompts/god_component/gson/com_google_gson_internal_bind.txt,83237,1
gson,God Component,com.google.gson.internal.bind.util,,data/processed/prompts/god_component/gson/com_google_gson_internal_bind_util.txt,3546,0
gson,God Component,com.google.gson.internal.reflect,,data/processed/prompts/god_component/gson/com_google_gson_internal_reflect.txt,10506,0
gson,God Component,com.google.gson.internal.sql,,data/processed/prompts/god_component/gson/com_google_gson_internal_sql.txt,2732,0
gson,God Component,com.google.gson.metrics,,data/processed/prompts/god_component/gson/com_google_gson_metrics.txt,52375,0
gson,God Component,com.google.gson.protobuf,,data/processed/prompts/god_component/gson/com_google_gson_protobuf.txt,12128,0
gson,God Component,com.google.gson.reflect,,data/processed/prompts/god_component/gson/com_google_gson_reflect.txt,4014,0
gson,God Component,com.google.gson.stream,,data/processed/prompts/god_component/gson/com_google_gson_stream.txt,23606,0
gson,God Component,com.google.gson.typeadapters,,data/processed/prompts/god_component/gson/com_google_gson_typeadapters.txt,6430,0
javaparser,God Component,(default package),,data/processed/prompts/god_component/javaparser/(default package).txt,15499,1
javaparser,God Component,a,,data/processed/prompts/god_component/javaparser/a.txt,440,0
javaparser,God Component,aPackage,,data/processed/prompts/god_component/javaparser/aPackage.txt,322,0
javaparser,God Component,a.b.c,,data/processed/prompts/god_component/javaparser/a_b_c.txt,523,0
javaparser,God Component,another,,data/processed/prompts/god_component/javaparser/another.txt,328,0
javaparser,God Component,bar,,data/processed/prompts/god_component/javaparser/bar.txt,242,0
javaparser,God Component,box,,data/processed/prompts/god_component/javaparser/box.txt,283,0
javaparser,God Component,com.example,,data/processed/prompts/god_component/javaparser/com_example.txt,1797,0
javaparser,God Component,com.foo,,data/processed/prompts/god_component/javaparser/com_foo.txt,648,0
javaparser,God Component,com.foo.base,,data/processed/prompts/god_component/javaparser/com_foo_base.txt,278,0
javaparser,God Component,com.github.javaparser.ast.body,,data/processed/prompts/god_component/javaparser/com_github_javaparser_ast_body.txt,45963,1
javaparser,God Component,com.github.javaparser.ast.comments,,data/processed/prompts/god_component/javaparser/com_github_javaparser_ast_comments.txt,8294,0
javaparser,God Component,com.github.javaparser.ast.expr,,data/processed/prompts/god_component/javaparser/com_github_javaparser_ast_expr.txt,79032,1
javaparser,God Component,com.github.javaparser.ast.modules,,data/processed/prompts/god_component/javaparser/com_github_javaparser_ast_modules.txt,11921,0
javaparser,God Component,com.github.javaparser.ast.nodeTypes,,data/processed/prompts/god_component/javaparser/com_github_javaparser_ast_nodeTypes.txt,24373,1
javaparser,God Component,com.github.javaparser.ast.nodeTypes.modifiers,,data/processed/prompts/god_component/javaparser/com_github_javaparser_ast_nodeTypes_modifiers.txt,2991,0
javaparser,God Component,com.github.javaparser.ast.observer,,data/processed/prompts/god_component/javaparser/com_github_javaparser_ast_observer.txt,7474,0
javaparser,God Component,com.github.javaparser.ast.stmt,,data/processed/prompts/god_component/javaparser/com_github_javaparser_ast_stmt.txt,43400,1
javaparser,God Component,com.github.javaparser.ast.type,,data/processed/prompts/god_component/javaparser/com_github_javaparser_ast_type.txt,29335,1
javaparser,God Component,com.github.javaparser.ast.validator,,data/processed/prompts/god_component/javaparser/com_github_javaparser_ast_validator.txt,4278,1
javaparser,God Component,com.github.javaparser.ast.validator.language.level.validations,,data/processed/prompts/god_component/javaparser/com_github_javaparser_ast_validator_language_level_validations.txt,17946,0
javaparser,God Component,com.github.javaparser.ast.validator.language.level.validations.chunks,,data/processed/prompts/god_component/javaparser/com_github_javaparser_ast_validator_language_level_validations_chunks.txt,6334,0
javaparser,God Component,com.github.javaparser.ast.validator.postprocessors,,data/processed/prompts/god_component/javaparser/com_github_javaparser_ast_validator_postprocessors.txt,5158,0
javaparser,God Component,com.github.javaparser.generator,,data/processed/prompts/god_component/javaparser/com_github_javaparser_generator.txt,6680,0
javaparser,God Component,com.github.javaparser.generator.core,,data/processed/prompts/god_component/javaparser/com_github_javaparser_generator_core.txt,1206,0
javaparser,God Component,com.github.javaparser.generator.core.node,,data/processed/prompts/god_component/javaparser/com_github_javaparser_generator_core_node.txt,8252,0
javaparser,God Component,com.github.javaparser.generator.core.other,,data/processed/prompts/god_component/javaparser/com_github_javaparser_generator_core_other.txt,2574,0
javaparser,God Component,com.github.javaparser.generator.core.quality,,data/processed/prompts/god_component/javaparser/com_github_javaparser_generator_core_quality.txt,1982,0
javaparser,God Component,com.github.javaparser.generator.core.utils,,data/processed/prompts/god_component/javaparser/com_github_javaparser_generator_core_utils.txt,715,0
javaparser,God Component,com.github.javaparser.generator.core.visitor,,data/processed/prompts/god_component/javaparser/com_github_javaparser_generator_core_visitor.txt,9721,0
javaparser,God Component,com.github.javaparser.generator.metamodel,,data/processed/prompts/god_component/javaparser/com_github_javaparser_generator_metamodel.txt,7543,0
javaparser,God Component,com.github.javaparser.javadoc,,data/processed/prompts/god_component/javaparser/com_github_javaparser_javadoc.txt,3460,0
javaparser,God Component,com.github.javaparser.javadoc.description,,data/processed/prompts/god_component/javaparser/com_github_javaparser_javadoc_description.txt,3682,0
javaparser,God Component,com.github.javaparser.javasymbolsolver.javassist.symbols.excluded.jar,,data/processed/prompts/god_component/javaparser/com_github_javaparser_javasymbolsolver_javassist_symbols_excluded_jar.txt,356,0
javaparser,God Component,com.github.javaparser.javasymbolsolver.javassist.symbols.included.jar,,data/processed/prompts/god_component/javaparser/com_github_javaparser_javasymbolsolver_javassist_symbols_included_jar.txt,356,0
javaparser,God Component,com.github.javaparser.javasymbolsolver.javassist.symbols.main.jar,,data/processed/prompts/god_component/javaparser/com_github_javaparser_javasymbolsolver_javassist_symbols_main_jar.txt,1587,0
javaparser,God Component,com.github.javaparser.metamodel,,data/processed/prompts/god_component/javaparser/com_github_javaparser_metamodel.txt,90858,1
javaparser,God Component,com.github.javaparser.printer,,data/processed/prompts/god_component/javaparser/com_github_javaparser_printer.txt,49767,0
javaparser,God Component,com.github.javaparser.printer.concretesyntaxmodel,,data/processed/prompts/god_component/javaparser/com_github_javaparser_printer_concretesyntaxmodel.txt,10887,0
javaparser,God Component,com.github.javaparser.printer.configuration,,data/processed/prompts/god_component/javaparser/com_github_javaparser_printer_configuration.txt,9104,0
javaparser,God Component,com.github.javaparser.printer.configuration.imports,,data/processed/prompts/god_component/javaparser/com_github_javaparser_printer_configuration_imports.txt,1956,0
javaparser,God Component,com.github.javaparser.printer.lexicalpreservation,,data/processed/prompts/god_component/javaparser/com_github_javaparser_printer_lexicalpreservation.txt,98414,1
javaparser,God Component,com.github.javaparser.printer.lexicalpreservation.changes,,data/processed/prompts/god_component/javaparser/com_github_javaparser_printer_lexicalpreservation_changes.txt,4362,0
javaparser,God Component,com.github.javaparser.quality,,data/processed/prompts/god_component/javaparser/com_github_javaparser_quality.txt,839,0
javaparser,God Component,com.github.javaparser.range,,data/processed/prompts/god_component/javaparser/com_github_javaparser_range.txt,307,0
javaparser,God Component,com.github.javaparser.resolution,,data/processed/prompts/god_component/javaparser/com_github_javaparser_resolution.txt,11820,0
javaparser,God Component,com.github.javaparser.resolution.cache,,data/processed/prompts/god_component/javaparser/com_github_javaparser_resolution_cache.txt,2502,0
javaparser,God Component,com.github.javaparser.resolution.declarations,,data/processed/prompts/god_component/javaparser/com_github_javaparser_resolution_declarations.txt,18107,1
javaparser,God Component,com.github.javaparser.resolution.logic,,data/processed/prompts/god_component/javaparser/com_github_javaparser_resolution_logic.txt,20960,0
javaparser,God Component,com.github.javaparser.resolution.model,,data/processed/prompts/god_component/javaparser/com_github_javaparser_resolution_model.txt,2131,0
javaparser,God Component,com.github.javaparser.resolution.model.typesystem,,data/processed/prompts/god_component/javaparser/com_github_javaparser_resolution_model_typesystem.txt,3594,0
javaparser,God Component,com.github.javaparser.resolution.promotion,,data/processed/prompts/god_component/javaparser/com_github_javaparser_resolution_promotion.txt,455,0
javaparser,God Component,com.github.javaparser.resolution.types,,data/processed/prompts/god_component/javaparser/com_github_javaparser_resolution_types.txt,16704,0
javaparser,God Component,com.github.javaparser.resolution.types.parametrization,,data/processed/prompts/god_component/javaparser/com_github_javaparser_resolution_types_parametrization.txt,3343,0
javaparser,God Component,com.github.javaparser.serialization,,data/processed/prompts/god_component/javaparser/com_github_javaparser_serialization.txt,9654,0
javaparser,God Component,com.github.javaparser.storage,,data/processed/prompts/god_component/javaparser/com_github_javaparser_storage.txt,252,0
javaparser,God Component,com.github.javaparser.symbolsolver,,data/processed/prompts/god_component/javaparser/com_github_javaparser_symbolsolver.txt,10226,1
javaparser,God Component,com.github.javaparser.symbolsolver.cache,,data/processed/prompts/god_component/javaparser/com_github_javaparser_symbolsolver_cache.txt,5207,0
javaparser,God Component,com.github.javaparser.symbolsolver.core.resolution,,data/processed/prompts/god_component/javaparser/com_github_javaparser_symbolsolver_core_resolution.txt,1162,0
javaparser,God Component,com.github.javaparser.symbolsolver.declarations.common,,data/processed/prompts/god_component/javaparser/com_github_javaparser_symbolsolver_declarations_common.txt,1222,0
javaparser,God Component,com.github.javaparser.symbolsolver.javaparsermodel,,data/processed/prompts/god_component/javaparser/com_github_javaparser_symbolsolver_javaparsermodel.txt,27905,0
javaparser,God Component,com.github.javaparser.symbolsolver.javaparsermodel.contexts,,data/processed/prompts/god_component/javaparser/com_github_javaparser_symbolsolver_javaparsermodel_contexts.txt,48871,1
javaparser,God Component,com.github.javaparser.symbolsolver.javaparsermodel.declarations,,data/processed/prompts/god_component/javaparser/com_github_javaparser_symbolsolver_javaparsermodel_declarations.txt,51476,1
javaparser,God Component,com.github.javaparser.symbolsolver.javaparsermodel.declarators,,data/processed/prompts/god_component/javaparser/com_github_javaparser_symbolsolver_javaparsermodel_declarators.txt,2804,0
javaparser,God Component,com.github.javaparser.symbolsolver.javassistmodel,,data/processed/prompts/god_component/javaparser/com_github_javaparser_symbolsolver_javassistmodel.txt,23328,1
javaparser,God Component,com.github.javaparser.symbolsolver.logic,,data/processed/prompts/god_component/javaparser/com_github_javaparser_symbolsolver_logic.txt,2458,0
javaparser,God Component,com.github.javaparser.symbolsolver.reflectionmodel,,data/processed/prompts/god_component/javaparser/com_github_javaparser_symbolsolver_reflectionmodel.txt,25972,1
javaparser,God Component,com.github.javaparser.symbolsolver.reflectionmodel.comparators,,data/processed/prompts/god_component/javaparser/com_github_javaparser_symbolsolver_reflectionmodel_comparators.txt,1447,0
javaparser,God Component,com.github.javaparser.symbolsolver.resolution,,data/processed/prompts/god_component/javaparser/com_github_javaparser_symbolsolver_resolution.txt,1876,1
javaparser,God Component,com.github.javaparser.symbolsolver.resolution.naming,,data/processed/prompts/god_component/javaparser/com_github_javaparser_symbolsolver_resolution_naming.txt,23188,0
javaparser,God Component,com.github.javaparser.symbolsolver.resolution.promotion,,data/processed/prompts/god_component/javaparser/com_github_javaparser_symbolsolver_resolution_promotion.txt,3725,0
javaparser,God Component,com.github.javaparser.symbolsolver.resolution.typeinference,,data/processed/prompts/god_component/javaparser/com_github_javaparser_symbolsolver_resolution_typeinference.txt,60720,0
javaparser,God Component,com.github.javaparser.symbolsolver.resolution.typeinference.bounds,,data/processed/prompts/god_component/javaparser/com_github_javaparser_symbolsolver_resolution_typeinference_bounds.txt,3596,0
javaparser,God Component,com.github.javaparser.symbolsolver.resolution.typeinference.constraintformulas,,data/processed/prompts/god_component/javaparser/com_github_javaparser_symbolsolver_resolution_typeinference_constraintformulas.txt,11612,0
javaparser,God Component,com.github.javaparser.symbolsolver.resolution.typesolvers,,data/processed/prompts/god_component/javaparser/com_github_javaparser_symbolsolver_resolution_typesolvers.txt,17798,0
javaparser,God Component,com.github.javaparser.symbolsolver.utils,,data/processed/prompts/god_component/javaparser/com_github_javaparser_symbolsolver_utils.txt,3799,0
javaparser,God Component,com.github.javaparser.testpackage,,data/processed/prompts/god_component/javaparser/com_github_javaparser_testpackage.txt,271,0
javaparser,God Component,com.github.javaparser.utils,,data/processed/prompts/god_component/javaparser/com_github_javaparser_utils.txt,77649,1
javaparser,God Component,com.github.javaparser.wiki.samples,,data/processed/prompts/god_component/javaparser/com_github_javaparser_wiki_samples.txt,293,0
javaparser,God Component,com.packageName,,data/processed/prompts/god_component/javaparser/com_packageName.txt,551,0
javaparser,God Component,d.e.f,,data/processed/prompts/god_component/javaparser/d_e_f.txt,321,0
javaparser,God Component,demo,,data/processed/prompts/god_component/javaparser/demo.txt,2102,0
javaparser,God Component,extends.duplicate,,data/processed/prompts/god_component/javaparser/extends_duplicate.txt,318,0
javaparser,God Component,foo,,data/processed/prompts/god_component/javaparser/foo.txt,804,0
javaparser,God Component,foo.bar,,data/processed/prompts/god_component/javaparser/foo_bar.txt,492,0
javaparser,God Component,foo.bar.differentpackage,,data/processed/prompts/god_component/javaparser/foo_bar_differentpackage.txt,342,0
javaparser,God Component,groovy.transform.builder,,data/processed/prompts/god_component/javaparser/groovy_transform_builder.txt,3730,0
javaparser,God Component,implements.duplicate,,data/processed/prompts/god_component/javaparser/implements_duplicate.txt,317,0
javaparser,God Component,issue1945.implementations,,data/processed/prompts/god_component/javaparser/issue1945_implementations.txt,488,0
javaparser,God Component,issue1945.interfaces,,data/processed/prompts/god_component/javaparser/issue1945_interfaces.txt,475,0
javaparser,God Component,issue1945.main,,data/processed/prompts/god_component/javaparser/issue1945_main.txt,558,0
javaparser,God Component,issue241,,data/processed/prompts/god_component/javaparser/issue241.txt,291,0
javaparser,God Component,japa.bdd.samples,,data/processed/prompts/god_component/javaparser/japa_bdd_samples.txt,26884,1
javaparser,God Component,japa.parser.comments,,data/processed/prompts/god_component/javaparser/japa_parser_comments.txt,311,0
javaparser,God Component,javaparser,,data/processed/prompts/god_component/javaparser/javaparser.txt,1210,0
javaparser,God Component,main,,data/processed/prompts/god_component/javaparser/main.txt,1233,1
javaparser,God Component,package.a,,data/processed/prompts/god_component/javaparser/package_a.txt,241,0
javaparser,God Component,package.b,,data/processed/prompts/god_component/javaparser/package_b.txt,241,0
javaparser,God Component,package.c,,data/processed/prompts/god_component/javaparser/package_c.txt,241,0
jitwatch,God Component,org.adoptopenjdk.jitwatch.chain,,data/processed/prompts/god_component/jitwatch/org_adoptopenjdk_jitwatch_chain.txt,3045,0
jitwatch,God Component,org.adoptopenjdk.jitwatch.compilation,,data/processed/prompts/god_component/jitwatch/org_adoptopenjdk_jitwatch_compilation.txt,3875,0
jitwatch,God Component,org.adoptopenjdk.jitwatch.compilation.codecache,,data/processed/prompts/god_component/jitwatch/org_adoptopenjdk_jitwatch_compilation_codecache.txt,1273,0
jitwatch,God Component,org.adoptopenjdk.jitwatch.core,,data/processed/prompts/god_component/jitwatch/org_adoptopenjdk_jitwatch_core.txt,37491,0
jitwatch,God Component,org.adoptopenjdk.jitwatch.demo,,data/processed/prompts/god_component/jitwatch/org_adoptopenjdk_jitwatch_demo.txt,3115,0
jitwatch,God Component,org.adoptopenjdk.jitwatch.histo,,data/processed/prompts/god_component/jitwatch/org_adoptopenjdk_jitwatch_histo.txt,3789,0
jitwatch,God Component,org.adoptopenjdk.jitwatch.hotthrow,,data/processed/prompts/god_component/jitwatch/org_adoptopenjdk_jitwatch_hotthrow.txt,2636,0
jitwatch,God Component,org.adoptopenjdk.jitwatch.inline,,data/processed/prompts/god_component/jitwatch/org_adoptopenjdk_jitwatch_inline.txt,5611,0
jitwatch,God Component,org.adoptopenjdk.jitwatch.intrinsic,,data/processed/prompts/god_component/jitwatch/org_adoptopenjdk_jitwatch_intrinsic.txt,1767,0
jitwatch,God Component,org.adoptopenjdk.jitwatch.jarscan,,data/processed/prompts/god_component/jitwatch/org_adoptopenjdk_jitwatch_jarscan.txt,3730,0
jitwatch,God Component,org.adoptopenjdk.jitwatch.jarscan.allocationcount,,data/processed/prompts/god_component/jitwatch/org_adoptopenjdk_jitwatch_jarscan_allocationcount.txt,1675,0
jitwatch,God Component,org.adoptopenjdk.jitwatch.jarscan.freqinlinesize,,data/processed/prompts/god_component/jitwatch/org_adoptopenjdk_jitwatch_jarscan_freqinlinesize.txt,1107,0
jitwatch,God Component,org.adoptopenjdk.jitwatch.jarscan.instructioncount,,data/processed/prompts/god_component/jitwatch/org_adoptopenjdk_jitwatch_jarscan_instructioncount.txt,867,0
jitwatch,God Component,org.adoptopenjdk.jitwatch.jarscan.invokecount,,data/processed/prompts/god_component/jitwatch/org_adoptopenjdk_jitwatch_jarscan_invokecount.txt,1565,0
jitwatch,God Component,org.adoptopenjdk.jitwatch.jarscan.methodlength,,data/processed/prompts/god_component/jitwatch/org_adoptopenjdk_jitwatch_jarscan_methodlength.txt,1102,0
jitwatch,God Component,org.adoptopenjdk.jitwatch.jarscan.methodsizehisto,,data/processed/prompts/god_component/jitwatch/org_adoptopenjdk_jitwatch_jarscan_methodsizehisto.txt,893,0
jitwatch,God Component,org.adoptopenjdk.jitwatch.jarscan.nextinstruction,,data/processed/prompts/god_component/jitwatch/org_adoptopenjdk_jitwatch_jarscan_nextinstruction.txt,1433,0
jitwatch,God Component,org.adoptopenjdk.jitwatch.jarscan.sequencecount,,data/processed/prompts/god_component/jitwatch/org_adoptopenjdk_jitwatch_jarscan_sequencecount.txt,1858,0
jitwatch,God Component,org.adoptopenjdk.jitwatch.jarscan.sequencesearch,,data/processed/prompts/god_component/jitwatch/org_adoptopenjdk_jitwatch_jarscan_sequencesearch.txt,2071,0
jitwatch,God Component,org.adoptopenjdk.jitwatch.jarscan.visualiser,,data/processed/prompts/god_component/jitwatch/org_adoptopenjdk_jitwatch_jarscan_visualiser.txt,1985,0
jitwatch,God Component,org.adoptopenjdk.jitwatch.jvmlang,,data/processed/prompts/god_component/jitwatch/org_adoptopenjdk_jitwatch_jvmlang.txt,1825,0
jitwatch,God Component,org.adoptopenjdk.jitwatch.launch,,data/processed/prompts/god_component/jitwatch/org_adoptopenjdk_jitwatch_launch.txt,2702,0
jitwatch,God Component,org.adoptopenjdk.jitwatch.loader,,data/processed/prompts/god_component/jitwatch/org_adoptopenjdk_jitwatch_loader.txt,15014,0
jitwatch,God Component,org.adoptopenjdk.jitwatch.logger,,data/processed/prompts/god_component/jitwatch/org_adoptopenjdk_jitwatch_logger.txt,609,0
jitwatch,God Component,org.adoptopenjdk.jitwatch.model,,data/processed/prompts/god_component/jitwatch/org_adoptopenjdk_jitwatch_model.txt,26949,0
jitwatch,God Component,org.adoptopenjdk.jitwatch.model.assembly,,data/processed/prompts/god_component/jitwatch/org_adoptopenjdk_jitwatch_model_assembly.txt,14156,0
jitwatch,God Component,org.adoptopenjdk.jitwatch.model.assembly.arm,,data/processed/prompts/god_component/jitwatch/org_adoptopenjdk_jitwatch_model_assembly_arm.txt,5086,0
jitwatch,God Component,org.adoptopenjdk.jitwatch.model.assembly.x86,,data/processed/prompts/god_component/jitwatch/org_adoptopenjdk_jitwatch_model_assembly_x86.txt,3305,0
jitwatch,God Component,org.adoptopenjdk.jitwatch.model.bytecode,,data/processed/prompts/god_component/jitwatch/org_adoptopenjdk_jitwatch_model_bytecode.txt,20586,0
jitwatch,God Component,org.adoptopenjdk.jitwatch.parser,,data/processed/prompts/god_component/jitwatch/org_adoptopenjdk_jitwatch_parser.txt,5546,0
jitwatch,God Component,org.adoptopenjdk.jitwatch.parser.hotspot,,data/processed/prompts/god_component/jitwatch/org_adoptopenjdk_jitwatch_parser_hotspot.txt,3636,0
jitwatch,God Component,org.adoptopenjdk.jitwatch.parser.j9,,data/processed/prompts/god_component/jitwatch/org_adoptopenjdk_jitwatch_parser_j9.txt,3225,0
jitwatch,God Component,org.adoptopenjdk.jitwatch.parser.zing,,data/processed/prompts/god_component/jitwatch/org_adoptopenjdk_jitwatch_parser_zing.txt,4452,0
jitwatch,God Component,org.adoptopenjdk.jitwatch.process,,data/processed/prompts/god_component/jitwatch/org_adoptopenjdk_jitwatch_process.txt,1349,0
jitwatch,God Component,org.adoptopenjdk.jitwatch.process.compiler,,data/processed/prompts/god_component/jitwatch/org_adoptopenjdk_jitwatch_process_compiler.txt,3787,0
jitwatch,God Component,org.adoptopenjdk.jitwatch.process.javap,,data/processed/prompts/god_component/jitwatch/org_adoptopenjdk_jitwatch_process_javap.txt,2056,0
jitwatch,God Component,org.adoptopenjdk.jitwatch.process.runtime,,data/processed/prompts/god_component/jitwatch/org_adoptopenjdk_jitwatch_process_runtime.txt,4052,0
jitwatch,God Component,org.adoptopenjdk.jitwatch.report,,data/processed/prompts/god_component/jitwatch/org_adoptopenjdk_jitwatch_report.txt,1490,0
jitwatch,God Component,org.adoptopenjdk.jitwatch.report.comparator,,data/processed/prompts/god_component/jitwatch/org_adoptopenjdk_jitwatch_report_comparator.txt,533,0
jitwatch,God Component,org.adoptopenjdk.jitwatch.report.escapeanalysis,,data/processed/prompts/god_component/jitwatch/org_adoptopenjdk_jitwatch_report_escapeanalysis.txt,1444,0
jitwatch,God Component,org.adoptopenjdk.jitwatch.report.escapeanalysis.eliminatedallocation,,data/processed/prompts/god_component/jitwatch/org_adoptopenjdk_jitwatch_report_escapeanalysis_eliminatedallocation.txt,460,0
jitwatch,God Component,org.adoptopenjdk.jitwatch.report.inlining,,data/processed/prompts/god_component/jitwatch/org_adoptopenjdk_jitwatch_report_inlining.txt,1076,0
jitwatch,God Component,org.adoptopenjdk.jitwatch.report.locks,,data/processed/prompts/god_component/jitwatch/org_adoptopenjdk_jitwatch_report_locks.txt,446,0
jitwatch,God Component,org.adoptopenjdk.jitwatch.report.suggestion,,data/processed/prompts/god_component/jitwatch/org_adoptopenjdk_jitwatch_report_suggestion.txt,5357,0
jitwatch,God Component,org.adoptopenjdk.jitwatch.sandbox,,data/processed/prompts/god_component/jitwatch/org_adoptopenjdk_jitwatch_sandbox.txt,3766,0
jitwatch,God Component,org.adoptopenjdk.jitwatch.toplist,,data/processed/prompts/god_component/jitwatch/org_adoptopenjdk_jitwatch_toplist.txt,5197,0
jitwatch,God Component,org.adoptopenjdk.jitwatch.treevisitor,,data/processed/prompts/god_component/jitwatch/org_adoptopenjdk_jitwatch_treevisitor.txt,709,0
jitwatch,God Component,org.adoptopenjdk.jitwatch.ui,,data/processed/prompts/god_component/jitwatch/org_adoptopenjdk_jitwatch_ui.txt,5557,0
jitwatch,God Component,org.adoptopenjdk.jitwatch.ui.browser,,data/processed/prompts/god_component/jitwatch/org_adoptopenjdk_jitwatch_ui_browser.txt,490,0
jitwatch,God Component,org.adoptopenjdk.jitwatch.ui.compilationchooser,,data/processed/prompts/god_component/jitwatch/org_adoptopenjdk_jitwatch_ui_compilationchooser.txt,801,0
jitwatch,God Component,org.adoptopenjdk.jitwatch.ui.compilechain,,data/processed/prompts/god_component/jitwatch/org_adoptopenjdk_jitwatch_ui_compilechain.txt,5488,0
jitwatch,God Component,org.adoptopenjdk.jitwatch.ui.filechooser,,data/processed/prompts/god_component/jitwatch/org_adoptopenjdk_jitwatch_ui_filechooser.txt,1816,0
jitwatch,God Component,org.adoptopenjdk.jitwatch.ui.graphing,,data/processed/prompts/god_component/jitwatch/org_adoptopenjdk_jitwatch_ui_graphing.txt,7914,0
jitwatch,God Component,org.adoptopenjdk.jitwatch.ui.main,,data/processed/prompts/god_component/jitwatch/org_adoptopenjdk_jitwatch_ui_main.txt,22027,0
jitwatch,God Component,org.adoptopenjdk.jitwatch.ui.nmethod,,data/processed/prompts/god_component/jitwatch/org_adoptopenjdk_jitwatch_ui_nmethod.txt,3394,0
jitwatch,God Component,org.adoptopenjdk.jitwatch.ui.nmethod.codecache,,data/processed/prompts/god_component/jitwatch/org_adoptopenjdk_jitwatch_ui_nmethod_codecache.txt,3336,0
jitwatch,God Component,org.adoptopenjdk.jitwatch.ui.nmethod.compilerthread,,data/processed/prompts/god_component/jitwatch/org_adoptopenjdk_jitwatch_ui_nmethod_compilerthread.txt,16042,0
jitwatch,God Component,org.adoptopenjdk.jitwatch.ui.parserchooser,,data/processed/prompts/god_component/jitwatch/org_adoptopenjdk_jitwatch_ui_parserchooser.txt,624,0
jitwatch,God Component,org.adoptopenjdk.jitwatch.ui.report,,data/processed/prompts/god_component/jitwatch/org_adoptopenjdk_jitwatch_ui_report.txt,2123,0
jitwatch,God Component,org.adoptopenjdk.jitwatch.ui.report.cell,,data/processed/prompts/god_component/jitwatch/org_adoptopenjdk_jitwatch_ui_report_cell.txt,2046,0
jitwatch,God Component,org.adoptopenjdk.jitwatch.ui.report.eliminatedallocation,,data/processed/prompts/god_component/jitwatch/org_adoptopenjdk_jitwatch_ui_report_eliminatedallocation.txt,1773,0
jitwatch,God Component,org.adoptopenjdk.jitwatch.ui.report.inlining,,data/processed/prompts/god_component/jitwatch/org_adoptopenjdk_jitwatch_ui_report_inlining.txt,1687,0
jitwatch,God Component,org.adoptopenjdk.jitwatch.ui.report.locks,,data/processed/prompts/god_component/jitwatch/org_adoptopenjdk_jitwatch_ui_report_locks.txt,1775,0
jitwatch,God Component,org.adoptopenjdk.jitwatch.ui.report.suggestion,,data/processed/prompts/god_component/jitwatch/org_adoptopenjdk_jitwatch_ui_report_suggestion.txt,1301,0
jitwatch,God Component,org.adoptopenjdk.jitwatch.ui.resize,,data/processed/prompts/god_component/jitwatch/org_adoptopenjdk_jitwatch_ui_resize.txt,822,0
jitwatch,God Component,org.adoptopenjdk.jitwatch.ui.sandbox,,data/processed/prompts/god_component/jitwatch/org_adoptopenjdk_jitwatch_ui_sandbox.txt,14382,0
jitwatch,God Component,org.adoptopenjdk.jitwatch.ui.stage,,data/processed/prompts/god_component/jitwatch/org_adoptopenjdk_jitwatch_ui_stage.txt,1824,0
jitwatch,God Component,org.adoptopenjdk.jitwatch.ui.stats,,data/processed/prompts/god_component/jitwatch/org_adoptopenjdk_jitwatch_ui_stats.txt,1452,0
jitwatch,God Component,org.adoptopenjdk.jitwatch.ui.toplist,,data/processed/prompts/god_component/jitwatch/org_adoptopenjdk_jitwatch_ui_toplist.txt,2609,0
jitwatch,God Component,org.adoptopenjdk.jitwatch.ui.triview,,data/processed/prompts/god_component/jitwatch/org_adoptopenjdk_jitwatch_ui_triview.txt,16390,0
jitwatch,God Component,org.adoptopenjdk.jitwatch.ui.triview.assembly,,data/processed/prompts/god_component/jitwatch/org_adoptopenjdk_jitwatch_ui_triview_assembly.txt,3579,0
jitwatch,God Component,org.adoptopenjdk.jitwatch.ui.triview.bytecode,,data/processed/prompts/god_component/jitwatch/org_adoptopenjdk_jitwatch_ui_triview_bytecode.txt,3744,0
jitwatch,God Component,org.adoptopenjdk.jitwatch.ui.triview.source,,data/processed/prompts/god_component/jitwatch/org_adoptopenjdk_jitwatch_ui_triview_source.txt,804,0
jitwatch,God Component,org.adoptopenjdk.jitwatch.ui.viewer,,data/processed/prompts/god_component/jitwatch/org_adoptopenjdk_jitwatch_ui_viewer.txt,1734,0
jitwatch,God Component,org.adoptopenjdk.jitwatch.util,,data/processed/prompts/god_component/jitwatch/org_adoptopenjdk_jitwatch_util.txt,24479,0
jsoup,God Component,org.jsoup,,data/processed/prompts/god_component/jsoup/org_jsoup.txt,63833,0
jsoup,God Component,org.jsoup.examples,,data/processed/prompts/god_component/jsoup/org_jsoup_examples.txt,3757,0
jsoup,God Component,org.jsoup.helper,,data/processed/prompts/god_component/jsoup/org_jsoup_helper.txt,83259,1
jsoup,God Component,org.jsoup.internal,,data/processed/prompts/god_component/jsoup/org_jsoup_internal.txt,14708,0
jsoup,God Component,org.jsoup.safety,,data/processed/prompts/god_component/jsoup/org_jsoup_safety.txt,42308,0
zxing,God Component,com.google.zxing,,data/processed/prompts/god_component/zxing/com_google_zxing.txt,18747,0
zxing,God Component,com.google.zxing.aztec,,data/processed/prompts/god_component/zxing/com_google_zxing_aztec.txt,2534,0
zxing,God Component,com.google.zxing.aztec.decoder,,data/processed/prompts/god_component/zxing/com_google_zxing_aztec_decoder.txt,12974,0
zxing,God Component,com.google.zxing.aztec.detector,,data/processed/prompts/god_component/zxing/com_google_zxing_aztec_detector.txt,17998,0
zxing,God Component,com.google.zxing.aztec.encoder,,data/processed/prompts/god_component/zxing/com_google_zxing_aztec_encoder.txt,11237,0
zxing,God Component,com.google.zxing.client.android,,data/processed/prompts/god_component/zxing/com_google_zxing_client_android.txt,47496,1
zxing,God Component,com.google.zxing.client.android.book,,data/processed/prompts/god_component/zxing/com_google_zxing_client_android_book.txt,6418,0
zxing,God Component,com.google.zxing.client.android.camera,,data/processed/prompts/god_component/zxing/com_google_zxing_client_android_camera.txt,11118,0
zxing,God Component,com.google.zxing.client.android.camera.open,,data/processed/prompts/god_component/zxing/com_google_zxing_client_android_camera_open.txt,1434,0
zxing,God Component,com.google.zxing.client.android.clipboard,,data/processed/prompts/god_component/zxing/com_google_zxing_client_android_clipboard.txt,678,0
zxing,God Component,com.google.zxing.client.android.encode,,data/processed/prompts/god_component/zxing/com_google_zxing_client_android_encode.txt,11207,0
zxing,God Component,com.google.zxing.client.android.history,,data/processed/prompts/god_component/zxing/com_google_zxing_client_android_history.txt,5397,0
zxing,God Component,com.google.zxing.client.android.result,,data/processed/prompts/god_component/zxing/com_google_zxing_client_android_result.txt,13083,0
zxing,God Component,com.google.zxing.client.android.result.supplement,,data/processed/prompts/god_component/zxing/com_google_zxing_client_android_result_supplement.txt,4081,0
zxing,God Component,com.google.zxing.client.android.share,,data/processed/prompts/god_component/zxing/com_google_zxing_client_android_share.txt,5253,0
zxing,God Component,com.google.zxing.client.android.wifi,,data/processed/prompts/god_component/zxing/com_google_zxing_client_android_wifi.txt,3112,0
zxing,God Component,com.google.zxing.client.j2se,,data/processed/prompts/god_component/zxing/com_google_zxing_client_j2se.txt,14367,0
zxing,God Component,com.google.zxing.client.result,,data/processed/prompts/god_component/zxing/com_google_zxing_client_result.txt,29411,1
zxing,God Component,com.google.zxing.common,,data/processed/prompts/god_component/zxing/com_google_zxing_common.txt,31698,0
zxing,God Component,com.google.zxing.common.detector,,data/processed/prompts/god_component/zxing/com_google_zxing_common_detector.txt,5503,0
zxing,God Component,com.google.zxing.common.reedsolomon,,data/processed/prompts/god_component/zxing/com_google_zxing_common_reedsolomon.txt,6577,0
zxing,God Component,com.google.zxing.datamatrix,,data/processed/prompts/god_component/zxing/com_google_zxing_datamatrix.txt,3553,0
zxing,God Component,com.google.zxing.datamatrix.decoder,,data/processed/prompts/god_component/zxing/com_google_zxing_datamatrix_decoder.txt,25674,0
zxing,God Component,com.google.zxing.datamatrix.detector,,data/processed/prompts/god_component/zxing/com_google_zxing_datamatrix_detector.txt,3472,0
zxing,God Component,com.google.zxing.datamatrix.encoder,,data/processed/prompts/god_component/zxing/com_google_zxing_datamatrix_encoder.txt,88443,0
zxing,God Component,com.google.zxing.integration.android,,data/processed/prompts/god_component/zxing/com_google_zxing_integration_android.txt,5126,0
zxing,God Component,com.google.zxing.maxicode,,data/processed/prompts/god_component/zxing/com_google_zxing_maxicode.txt,1227,0
zxing,God Component,com.google.zxing.maxicode.decoder,,data/processed/prompts/god_component/zxing/com_google_zxing_maxicode_decoder.txt,6602,0
zxing,God Component,com.google.zxing.multi,,data/processed/prompts/god_component/zxing/com_google_zxing_multi.txt,2786,0
zxing,God Component,com.google.zxing.multi.qrcode,,data/processed/prompts/god_component/zxing/com_google_zxing_multi_qrcode.txt,2852,0
zxing,God Component,com.google.zxing.multi.qrcode.detector,,data/processed/prompts/god_component/zxing/com_google_zxing_multi_qrcode_detector.txt,6355,0
zxing,God Component,com.google.zxing.oned,,data/processed/prompts/god_component/zxing/com_google_zxing_oned.txt,68316,1
zxing,God Component,com.google.zxing.oned.rss,,data/processed/prompts/god_component/zxing/com_google_zxing_oned_rss.txt,6948,0
zxing,God Component,com.google.zxing.oned.rss.expanded,,data/processed/prompts/god_component/zxing/com_google_zxing_oned_rss_expanded.txt,9480,0
zxing,God Component,com.google.zxing.oned.rss.expanded.decoders,,data/processed/prompts/god_component/zxing/com_google_zxing_oned_rss_expanded_decoders.txt,20480,0
zxing,God Component,com.google.zxing.pdf417,,data/processed/prompts/god_component/zxing/com_google_zxing_pdf417.txt,35141,0
zxing,God Component,com.google.zxing.pdf417.decoder,,data/processed/prompts/god_component/zxing/com_google_zxing_pdf417_decoder.txt,28995,0
zxing,God Component,com.google.zxing.pdf417.decoder.ec,,data/processed/prompts/god_component/zxing/com_google_zxing_pdf417_decoder_ec.txt,4280,0
zxing,God Component,com.google.zxing.pdf417.detector,,data/processed/prompts/god_component/zxing/com_google_zxing_pdf417_detector.txt,4150,0
zxing,God Component,com.google.zxing.pdf417.encoder,,data/processed/prompts/god_component/zxing/com_google_zxing_pdf417_encoder.txt,41058,0
zxing,God Component,com.google.zxing.qrcode,,data/processed/prompts/god_component/zxing/com_google_zxing_qrcode.txt,3439,0
zxing,God Component,com.google.zxing.qrcode.decoder,,data/processed/prompts/god_component/zxing/com_google_zxing_qrcode_decoder.txt,32114,0
zxing,God Component,com.google.zxing.qrcode.detector,,data/processed/prompts/god_component/zxing/com_google_zxing_qrcode_detector.txt,20830,0
zxing,God Component,com.google.zxing.qrcode.encoder,,data/processed/prompts/god_component/zxing/com_google_zxing_qrcode_encoder.txt,53058,0
zxing,God Component,com.google.zxing.web,,data/processed/prompts/god_component/zxing/com_google_zxing_web.txt,12530,0
zxing,God Component,com.google.zxing.web.generator.client,,data/processed/prompts/god_component/zxing/com_google_zxing_web_generator_client.txt,15551,0
